filename,split
01_planodatavedio_mp4-0005_jpg.rf.ZgD8HOCLdtxNYQrUQcgm.jpg,train
01_planodatavedio_mp4-0007_jpg.rf.Sqvhw9cYigYfsaT2LNfv.jpg,train
01_planodatavedio_mp4-0017_jpg.rf.oYPtxTh21nPyamyANmsG.jpg,train
01_planodatavedio_mp4-0018_jpg.rf.FVIax0IGQg6bI62MKqsM.jpg,train
01_planodatavedio_mp4-0024_jpg.rf.C2tMGbLZgOgbOERpp2LO.jpg,train
01_planodatavedio_mp4-0026_jpg.rf.Aj2RRJYQVfE09n2BWM8o.jpg,train
01_planodatavedio_mp4-0027_jpg.rf.NbG4Gj1nNwNMpE403haS.jpg,train
01_planodatavedio_mp4-0029_jpg.rf.WLEK4GIPnQS0kx63R3SF.jpg,train
01_planodatavedio_mp4-0032_jpg.rf.O0SGaXEvTHiLji69MihT.jpg,train
01_planodatavedio_mp4-0034_jpg.rf.R1b3SME6LLafO6i8VNL3.jpg,train
01_planodatavedio_mp4-0035_jpg.rf.3oOBJidQHGxbrX37Mq9F.jpg,train
01_planodatavedio_mp4-0036_jpg.rf.GNqObTTfGeddnb3ZWnfs.jpg,train
01_planodatavedio_mp4-0040_jpg.rf.E1ZRv2gAobZuSY9tHnjm.jpg,train
01_planodatavedio_mp4-0042_jpg.rf.t6AZWQZDoL3w8t8AyydN.jpg,train
01_planodatavedio_mp4-0046_jpg.rf.H99MjJzaR2tYXnyii34e.jpg,train
01_planodatavedio_mp4-0047_jpg.rf.42EVXCZyFc7Efz68X3rU.jpg,train
01_planodatavedio_mp4-0050_jpg.rf.zMe9URywFDJdu2mavYYc.jpg,train
01_planodatavedio_mp4-0051_jpg.rf.lqOwcS5aJZSU4I6rOvZL.jpg,train
01_planodatavedio_mp4-0053_jpg.rf.84ErLsB2ILWnzq1iWIer.jpg,train
01_planodatavedio_mp4-0057_jpg.rf.vGPSoYCrB9FeJCBkcX0o.jpg,train
01_planodatavedio_mp4-0062_jpg.rf.Cyr6gQF7SqBxZSZzG8pg.jpg,train
01_planodatavedio_mp4-0063_jpg.rf.ZAxf79FrjECV6CvrZNYI.jpg,train
01_planodatavedio_mp4-0064_jpg.rf.DhI8amcHu4Bdq2XSTDw1.jpg,train
01_planodatavedio_mp4-0067_jpg.rf.5IwWM2rpasIh0rSiFT0D.jpg,train
01_planodatavedio_mp4-0073_jpg.rf.L3Qpps1URCUCvVUqMO4I.jpg,train
01_planodatavedio_mp4-0075_jpg.rf.8vfm5GyQPZIsSpNHyQBV.jpg,train
01_planodatavedio_mp4-0076_jpg.rf.4JHgezZhmpYBr1fBRCYv.jpg,train
01_planodatavedio_mp4-0078_jpg.rf.AGftPcTRiIeW1OUIH5KP.jpg,train
01_planodatavedio_mp4-0079_jpg.rf.61QsXuvY1sBlJ936E73u.jpg,train
01_planodatavedio_mp4-0080_jpg.rf.glKpy3R43t5nLXy3cgfD.jpg,train
01_planodatavedio_mp4-0084_jpg.rf.IqRDfwsvXtiBw1DM4Vd7.jpg,train
01_planodatavedio_mp4-0086_jpg.rf.DJ7mwg5pGWM8zEEo1dOc.jpg,train
01_planodatavedio_mp4-0088_jpg.rf.jCOg35WGOZzTSc5PfJI4.jpg,train
01_planodatavedio_mp4-0090_jpg.rf.zbFNV5wnIqTs0Cunyubo.jpg,train
01_planodatavedio_mp4-0092_jpg.rf.FLDivfS29gUWJfGBIKFb.jpg,train
01_planodatavedio_mp4-0094_jpg.rf.lIHPd4zbDnYXaS0wcaCg.jpg,train
01_planodatavedio_mp4-0096_jpg.rf.YiHYUlsaESqOvyS86ztt.jpg,train
01_planodatavedio_mp4-0101_jpg.rf.hravTkbw3Kx09hl00wR2.jpg,train
01_planodatavedio_mp4-0104_jpg.rf.BllFtnidRSMQrM8GC1JT.jpg,train
01_planodatavedio_mp4-0105_jpg.rf.SYue478fnStF5rPbkbGy.jpg,train
01_planodatavedio_mp4-0109_jpg.rf.SZyFCp9hhjW4UgL9F5Xt.jpg,train
01_planodatavedio_mp4-0112_jpg.rf.y0xDCqcv0TMW56PZ2Tqi.jpg,train
01_planodatavedio_mp4-0113_jpg.rf.CmujNr6crzsIC2n68C4h.jpg,train
01_planodatavedio_mp4-0115_jpg.rf.NCoK1U2SRjI2Fmzipqp0.jpg,train
01_planodatavedio_mp4-0116_jpg.rf.gUnHn4Cg2eRJWN0LaNjN.jpg,train
01_planodatavedio_mp4-0117_jpg.rf.cdlxkoIr4CwdKdVz7n9V.jpg,train
01_planodatavedio_mp4-0118_jpg.rf.gvBbeLKZICB0oH2jv112.jpg,train
01_planodatavedio_mp4-0121_jpg.rf.2gQEhSy4GBIyqRk9tiEo.jpg,train
01_planodatavedio_mp4-0122_jpg.rf.WT8ZimbkcdTPvI4eM7UQ.jpg,train
01_planodatavedio_mp4-0126_jpg.rf.Ut04iQzDbPcp24MOBpSS.jpg,train
01_planodatavedio_mp4-0128_jpg.rf.kwjzYj3r1jLmszSu7odp.jpg,train
01_planodatavedio_mp4-0129_jpg.rf.mMWZeiG6cYOa1dBzhJkP.jpg,train
01_planodatavedio_mp4-0131_jpg.rf.QJnrOSAhpOBBlONJ0b1d.jpg,train
01_planodatavedio_mp4-0132_jpg.rf.dQlSxYvDyCjVRiponzwL.jpg,train
01_planodatavedio_mp4-0134_jpg.rf.uwXrWImtJlh9WX9iusaX.jpg,train
01_planodatavedio_mp4-0136_jpg.rf.hswSdPJElTY8VBLBGHpi.jpg,train
01_planodatavedio_mp4-0139_jpg.rf.b9baPtqaqeW1noAVprQZ.jpg,train
01_planodatavedio_mp4-0150_jpg.rf.8jyOKgIeHWYzhW7s6GNW.jpg,train
01_planodatavedio_mp4-0157_jpg.rf.amNYLodcbUhgU2caM8su.jpg,train
01_planodatavedio_mp4-0173_jpg.rf.oQTQz7ylzLefJPPtqtiJ.jpg,train
01_planodatavedio_mp4-0178_jpg.rf.StF70DoOuncVSduvYlgd.jpg,train
01_planodatavedio_mp4-0179_jpg.rf.SGyqmlVqRAjwoNUsdD8N.jpg,train
01_planodatavedio_mp4-0183_jpg.rf.Hg3bP51961TxTGrkXiwf.jpg,train
01_planodatavedio_mp4-0185_jpg.rf.L0JkTMeFg7tUNCRGtBdT.jpg,train
01_planodatavedio_mp4-0190_jpg.rf.56zSu33CpgNH6oinI0j8.jpg,train
01_planodatavedio_mp4-0195_jpg.rf.wfeMMSr3yfe2ToAKaFVA.jpg,train
01_planodatavedio_mp4-0196_jpg.rf.D0Lix5WfHPdZh3htIz1k.jpg,train
01_planodatavedio_mp4-0201_jpg.rf.VgYxTV1wZjrvNcRlpI9G.jpg,train
01_planodatavedio_mp4-0204_jpg.rf.tAOKVTHLySsxLZGcWrlt.jpg,train
01_planodatavedio_mp4-0205_jpg.rf.RrOT9rkFTLc4NRihjWj4.jpg,train
01_planodatavedio_mp4-0209_jpg.rf.gQ8fJpgN1zsIjK48NeDo.jpg,train
01_planodatavedio_mp4-0210_jpg.rf.TZYk4266ikgElWaj78N0.jpg,train
01_planodatavedio_mp4-0211_jpg.rf.sLfM5nwluPFYjdYbBOXt.jpg,train
01_planodatavedio_mp4-0212_jpg.rf.TjaJFtLpypOvtglfpafl.jpg,train
01_planodatavedio_mp4-0214_jpg.rf.VDuDK6cvZ0DTpgqlKyUr.jpg,train
01_planodatavedio_mp4-0216_jpg.rf.zstqVM2hj3hksRHMYa8E.jpg,train
01_planodatavedio_mp4-0217_jpg.rf.LprKqSS5eYyrka7Vkyct.jpg,train
01_planodatavedio_mp4-0218_jpg.rf.LvknHLZbSbzO3u3OIiYA.jpg,train
01_planodatavedio_mp4-0219_jpg.rf.czEZ67RZGQGvsKZ5fFGw.jpg,train
01_planodatavedio_mp4-0221_jpg.rf.Ou99wqfL7BTEWdCBatmg.jpg,train
01_planodatavedio_mp4-0227_jpg.rf.1hzjCqhCK9Dz9W8dDzS4.jpg,train
01_planodatavedio_mp4-0228_jpg.rf.HM4gYt98qJCDXmCa56d8.jpg,train
01_planodatavedio_mp4-0229_jpg.rf.24l6PBjNRyZbuVlYqFJr.jpg,train
01_planodatavedio_mp4-0231_jpg.rf.cEKRgQeltsbjESgfflti.jpg,train
01_planodatavedio_mp4-0233_jpg.rf.QYLsctfjk3T9B1ihqUjK.jpg,train
01_planodatavedio_mp4-0246_jpg.rf.yvvummPmqKT1QgpfvMnV.jpg,train
01_planodatavedio_mp4-0258_jpg.rf.PrqlE5LetKRtBeXtWyaY.jpg,train
01_planodatavedio_mp4-0260_jpg.rf.A1xZBLZTs0OPsWWEwUDO.jpg,train
01_planodatavedio_mp4-0263_jpg.rf.iWtHPhg7P7fgH4G75kbb.jpg,train
01_planodatavedio_mp4-0265_jpg.rf.fLteVdgAE4SbZQbSymWr.jpg,train
01_planodatavedio_mp4-0267_jpg.rf.ZfdS3mRWrKgC7B1SOYGq.jpg,train
01_planodatavedio_mp4-0268_jpg.rf.rSQKidb402uXRcQOQByV.jpg,train
01_planodatavedio_mp4-0270_jpg.rf.Mvy7AtJvtVyfJsbzsGzN.jpg,train
01_planodatavedio_mp4-0272_jpg.rf.1Y3AdlaEdpBpRYcyVvRI.jpg,train
01_planodatavedio_mp4-0274_jpg.rf.ziyXJPxW4TLFRdItnoSq.jpg,train
01_planodatavedio_mp4-0276_jpg.rf.heavoodrdSaLK8dC1XfU.jpg,train
01_planodatavedio_mp4-0279_jpg.rf.2ySyDpPgIUGVGniFOJzq.jpg,train
01_planodatavedio_mp4-0284_jpg.rf.GZ6kfiwCDFoezddWWSQ4.jpg,train
01_planodatavedio_mp4-0286_jpg.rf.aXzXKvSoGXgTcndDetfD.jpg,train
01_planodatavedio_mp4-0287_jpg.rf.835Di45XPwfHgrAysUAN.jpg,train
01_planodatavedio_mp4-0291_jpg.rf.xfx2e8WNSAjLJn2v4xHd.jpg,train
01_planodatavedio_mp4-0292_jpg.rf.AeKDXETcD5hbD0mfaG5z.jpg,train
01_planodatavedio_mp4-0293_jpg.rf.VNurErmMiitJXISYLSsO.jpg,train
02_panodata_mp4-0000_jpg.rf.DWl6MZJUqSYdOoVgbAoZ.jpg,train
02_panodata_mp4-0001_jpg.rf.E1DwwiRvo10hecE9xQ56.jpg,train
02_panodata_mp4-0004_jpg.rf.S7yV3pC8lALIaIgvf64P.jpg,train
02_panodata_mp4-0005_jpg.rf.CxzQ4JIsJ6jgN9mN2xln.jpg,train
02_panodata_mp4-0006_jpg.rf.aOZ09WsUIzbFGIYi5BTt.jpg,train
02_panodata_mp4-0007_jpg.rf.by73dK4ANh6TdmwVYnf4.jpg,train
02_panodata_mp4-0010_jpg.rf.R2pEhRwTnnfZrouXs9BK.jpg,train
02_panodata_mp4-0012_jpg.rf.jqA1JtNsiUCAWhWBFMNF.jpg,train
02_panodata_mp4-0022_jpg.rf.QtoBrLtIOOfpnE6CcnO3.jpg,train
02_panodata_mp4-0023_jpg.rf.TrJH6NtNC1kOjIvVRv46.jpg,train
02_panodata_mp4-0025_jpg.rf.gzCpp7ZLkD7CJJrrIxU1.jpg,train
02_panodata_mp4-0026_jpg.rf.XZ5ficuPKMRQYBfkd0Ii.jpg,train
02_panodata_mp4-0029_jpg.rf.bk234gKFl8JqHoNopyvs.jpg,train
02_panodata_mp4-0030_jpg.rf.EOADJj8dXWXUz8fAXqFC.jpg,train
02_panodata_mp4-0036_jpg.rf.HC0OOJTFO5AspbWuNsW2.jpg,train
02_panodata_mp4-0038_jpg.rf.8Fg1xti8YSTJLnhhmkHo.jpg,train
02_panodata_mp4-0039_jpg.rf.thP4YRfaNpl90HuSN5Ry.jpg,train
02_panodata_mp4-0041_jpg.rf.knXcw53Kk1LyIONgV7hy.jpg,train
02_panodata_mp4-0042_jpg.rf.lgLOn3pZBwe0riVUr5fm.jpg,train
02_panodata_mp4-0043_jpg.rf.MhEumI1zMAYZKlBYZAbH.jpg,train
02_panodata_mp4-0044_jpg.rf.K4HcZuLORphZKjIYnDc6.jpg,train
02_panodata_mp4-0046_jpg.rf.HXgsjgt5U8zJ20ft68DU.jpg,train
02_panodata_mp4-0048_jpg.rf.5C5aOU0vflN3bEldgVnc.jpg,train
02_panodata_mp4-0052_jpg.rf.hrPkUx3ac2i8wnc473nV.jpg,train
02_panodata_mp4-0054_jpg.rf.pTTf63Q0rzaYSoJZdFab.jpg,train
02_panodata_mp4-0056_jpg.rf.BgznrsdUfi78JzNDE4hh.jpg,train
02_panodata_mp4-0058_jpg.rf.8ycDu86ZgJpXurNZ7mkp.jpg,train
02_panodata_mp4-0059_jpg.rf.X82pSZTtQykzcQ8cTNh8.jpg,train
110_jpg.rf.mjxGSN9JNurmFEdG7A83.jpg,train
15_199-Pepsi-Images_-Stock-Photos---Vectors-__yythk_jpg.rf.vG9WB9zskjLHdwtj0cIG.jpg,train
15_199-Pepsi-Images_-Stock-Photos--1-_jpg.rf.PoTVSYUiCaMUjFVvXhY0.jpg,train
15_199-Pepsi-Images_-Stock-Photos_jpg.rf.1OXyYBa6CsyVeCNUYBJz.jpg,train
2-Liter-Pepsi-Products---Pizza-Delivery_jpg.rf.5EqGKEmMb0kCjHOCa70Y.jpg,train
2-Liter-Pepsi-Products---Pizza-Delivery_jpg.rf.YBp9rB5uTCFKSu32qN4D.jpg,train
330ml-Pepsi-Photos---Free---Royalty--1-_jpg.rf.cc2XdgmyXdfPPYDx0tEf.jpg,train
330ml-Pepsi-Photos---Free---Royalty_jpg.rf.MhBqQZssrjLYFpRlVCvT.jpg,train
68_jpg.rf.aYYvNylXCWP5g7a28GbL.jpg,train
6th-Largest-Military_jpg.rf.BQL290diJUhcdEs0lQ3V.jpg,train
7-Controversial-Ads-Pepsi-Doesn_t-Want-You-to_yythk_jpg.rf.TYOS63n0PqeOUiMyqGWs.jpg,train
78_jpg.rf.9Pi0JA6UkeJ5SquDAWFb.jpg,train
78_jpg.rf.MebAgERStJ5EBQGF6FZP.jpg,train
Amazon-com-_-Pepsi-_-7-5-Ounce-Mini-Cans_-24_yythkg_jpg.rf.c9kkRyZGvxDGa3f2VtC8.jpg,train
Amazon-com-_-Pepsi_-Bottles_-16-Fl-Oz_jpg.rf.Dljfp4qmQjBL6e0ZFlok.jpg,train
ArtStation---Cold-Pepsi-Can---Houdini-And-Ma_jpg.rf.ksAAeeXzafaSQqErL9e8.jpg,train
Best-Pepsi-Price-in-Malaysia-_-Harga-2022_jpg.rf.tq1UuO3OoLZqjYhv9ao7.jpg,train
Best-Pepsi-Price-in-Malaysia-_-Harga-2022_jpg.rf.wt3Btf92wOQUVEBgPuJv.jpg,train
Black-750ml-Pepsi-Cold-Drink_-Liquid_jpg.rf.FkifZZ4q3XK2p8Eid2C3.jpg,train
Brennan_s-Catering_-Pepsi--12-oz-can-_jpg.rf.TKLfcDjk77msfKyfSdK6.jpg,train
Brennan_s-Catering_-Pepsi--12-oz-can-_jpg.rf.n3Sc19MCk9vzB5vQOSRI.jpg,train
Buy-4-Pack-Pepsi-Mini-Cans_-7-5-Fl-Oz__yythk_jpg.rf.HdbrMZNZxT7pFbu5J5A6.jpg,train
Buy-Pepsi---------At-Best-Price---GrocerApp_jpeg.rf.4HZcea3wc7hz9ZmlAyEz.jpg,train
Buy-Pepsi---------At-Best-Price---GrocerApp_jpeg.rf.GV37XLcMf2s9znNIdYaZ.jpg,train
Buy-Pepsi---------At-Best-Price---GrocerApp_jpeg.rf.XhBUIN5R1yTQIdxwuAEd.jpg,train
Buy-Pepsi-Can-250-ml--Online-at-desertcart-Malaysia_jpg.rf.68EpUbIAZq33i8rqZgjR.jpg,train
Buy-Pepsi-Can-250-ml--Online-at-desertcart-Malaysia_jpg.rf.NDEDOHifTGWDwngmMoOJ.jpg,train
Buy-Pepsi-Can-300-ml-Available-Online-at-Bes_jpg.rf.Lr2mW7ETOCjvlJhXM4q3.jpg,train
Buy-Pepsi-Can-300-ml-Available-Online-at-Bes_jpg.rf.RfZa4Un9ERjNsVi5Zf9Z.jpg,train
Buy-Pepsi-Can-300-ml-Available-Online-at-Bes_jpg.rf.ZHkau0F78OZDIC04HhPd.jpg,train
Buy-Pepsi-Can-300-ml-Available-Online_jpg.rf.nmECArB1ZFPhCDAvUS7U.jpg,train
Buy-Pepsi-Can-33cl-online-in-Lagos-_-FoodCo__jpg.rf.3WIlKa6BiAuWQZ63YdpY.jpg,train
Buy-Pepsi-Can-33cl-online-in-Lagos-_-FoodCo__jpg.rf.ECNn9zFcu1IPpTVJFvHg.jpg,train
Buy-Pepsi-Carbonated-Soft-Drink-Mini-Cans-150mlx30_jpg.rf.Mh7r0SUDn1LBB1Ataua9.jpg,train
Buy-Pepsi-Cola-Can---330ml-Online---Shop_yyt_jpg.rf.FGcZWNoQgtVwhXLRClCR.jpg,train
Buy-Pepsi-Cola_-12-Ounce-Cans--Pack-of-24--O_jpg.rf.MPXU7VRrApgmmqs8NeH4.jpg,train
Buy-Pepsi-Drink---------At-Best-Price_jpeg.rf.Hj0d3ETosUReLOjRn49P.jpg,train
Buy-Pepsi-Drink---------At-Best-Price_jpeg.rf.oO7yn1hWmEIKr4jX6eRY.jpg,train
Buy-Pepsi-Slim-Can-250-ml-Available-Online-a_jpg.rf.yR8LInw7ivjx4uM82Hm0.jpg,train
Buy-Pepsi-Soda_-7-5-Ounce--Pack-of-10_jpg.rf.olCqiAicCzb6LgcULfbO.jpg,train
Buy-Pepsi-Soft-Drink-250-Ml-Can-Online-At_yy--1-_jpg.rf.tkmib6bxUrqCkkffFULN.jpg,train
Buy-Pepsi-Soft-Drink-250-Ml-Can-Online-At_yy_jpg.rf.IfmxG2iWOUNzMWk27TXE.jpg,train
Buy-Pepsi-Soft-Drink-250-Ml-Can-Online-At_yy_jpg.rf.PgpfXisQHwkxbez2P5cN.jpg,train
Buy-Pepsi-Soft-Drink-250-Ml-Can-Online_jpg.rf.xOwkvAKVnLjZ4Hl2ksAs.jpg,train
Buy-Pepsi-Soft-Drink-Online-at-Best_jpg.rf.dzrPVwPA200UjaD8oRUd.jpg,train
Buy-Pepsi-_-7-5-Ounce-Mini-Cans_-24-Pack-Packaging__jpg.rf.IPwpNnYRiDFYS0KNJkEK.jpg,train
Buy-Pepsi-_-7-5-Ounce-Mini-Cans_-24-Pack-Packaging__jpg.rf.feUt0PEuxkoIcrnoxtAk.jpg,train
Buy-Pepsi_-Bottles_-16-Fl-Oz--Pack-of-6_yyth_jpg.rf.Eo64P6NYc211T0Z9kuVf.jpg,train
Buy-Pepsi_-Bottles_-16-Fl-Oz--Pack-of-6_yyth_jpg.rf.UEnYFz2XMFNqcdzgMVyS.jpg,train
Buy-Pepsi_-Bottles_-16-Fl-Oz--Pack-of-6_yyth_jpg.rf.XvyO7vgB9q247nHPVHlj.jpg,train
Buy-Pepsi_-Cola_-12-oz--pack-of-12_jpg.rf.7SKvE4CH7MU9sX9pm8R7.jpg,train
Buy-Pepsi_-Cola_-12-oz--pack-of-12_jpg.rf.IEBQgzomZFiGKj7n6eCi.jpg,train
Can-and-Glass-of-Pepsi-with-Crushed-Ice_jpg.rf.8mokKHOSEjRlE256szPG.jpg,train
Can-and-Glass-of-Pepsi-with-Crushed-Ice_jpg.rf.NQx645lw0oexIxl5Pawl.jpg,train
Cheap-soft-drinks-and-fast-delivery_png.rf.eG9iJKM2xl1I3RPCnfRK.jpg,train
Cheap-soft-drinks-and-fast-delivery_png.rf.nAV2Nwszc0oSh2gKXIB6.jpg,train
Cheap-soft-drinks-and-fast-delivery_png.rf.z7e3tWt5Abh0vTsKORkU.jpg,train
Coca-Cola-Vs--Pepsi-Explained_-The_jpg.rf.1BenR37E2F5nzANK6taH.jpg,train
Coca-Cola-and-Pepsi-Selling-Smaller-Cans_jpg.rf.CVNO8hlYBJKpq1LCpJyR.jpg,train
Coca-Cola-and-Pepsi-Selling-Smaller-Cans_jpg.rf.Dz5obCMGDZAZWqEQO3UJ.jpg,train
Coke-Vs-Pepsi---YouTube_jpg.rf.DEd1oBkzUzfofKReDT4e.jpg,train
Coke-Vs-Pepsi---YouTube_jpg.rf.Hn7feL1PBFCdBcDOZpyc.jpg,train
Coke-and-Pepsi_-This-is-the-real_jpg.rf.8w7QEl4IXfcHZVu3SYEu.jpg,train
Coke-and-Pepsi_-This-is-the-real_jpg.rf.GnfUVGHV5NezcfT5yYOl.jpg,train
Coke-and-Pepsi_-This-is-the-real_jpg.rf.uvIVoDoIgSXGn1ZdO6A0.jpg,train
Coke-vs-Pepsi_-Marketing-strategies_jpg.rf.yFqjpCWFQXj5tPbcMY9l.jpg,train
Cola-wars---Wikipedia_jpg.rf.Os0WRu4WEarCsL56s4nU.jpg,train
Deal_-Pepsi-Focuses-on-Collaboration_jpg.rf.SXRDBvpVp0e7G0u4nVV3.jpg,train
Deal_-Pepsi-Focuses-on-Collaboration_jpg.rf.ZyLndkXP0DhIKoFuwhhi.jpg,train
Deal_-Pepsi-Focuses-on-Collaboration_jpg.rf.kYsaxazNKC32mnddvs7f.jpg,train
Diet-Pepsi-Cola-Soda-Bottle_-1-25-L_jpg.rf.h8Xhc2c2jNaZne0AP4XY.jpg,train
Diet-Pepsi-Cola-Soda-Pop_-12-Fl-Oz_-12_yythk_jpeg.rf.KlHXVLaM06KR5ltUQF35.jpg,train
Diet-Pepsi-Cola-Soda-Pop_-16-9-oz_-6_jpeg.rf.jaBOfXxkCwkTRaXA3ZNP.jpg,train
Differences-Between-Coke-and-Pepsi_jpg.rf.EuLYm5fsB1ACTPXsZs99.jpg,train
Download-Free-Pepsi-Can-Stock-Photos_jpeg.rf.JbRA0eMOU55gkx8QtPyJ.jpg,train
Download-Free-Pepsi-Can-Stock-Photos_jpeg.rf.eetP3hRTMeGuMcQKEiv5.jpg,train
Download-Free-Pepsi-Can-Stock-Photos_jpeg.rf.tKo6OXaQgXTcjA7V6HHF.jpg,train
Foul-smelling-Pepsi-Zero-Sugar-bottles_jpg.rf.ZdFiEoP0pM5NnGW0nO7L.jpg,train
HD-Cold-Pepsi-Soda-Can-Transparent-PNG-_-Cit_jpg.rf.YrVeYtCrbISVkY69al4J.jpg,train
HD-Cold-Pepsi-Soda-Can-Transparent-PNG-_-Cit_jpg.rf.nsYpxmSeZLDm8JxwJTFR.jpg,train
History-and-Evolution-of-the-Pepsi-Logo_jpg.rf.7ckG1FbUNmJFVpHz3s9S.jpg,train
Home-page--1-_png.rf.Qtf9RPyteHUFXyWifr2y.jpg,train
Home-page--1-_png.rf.bw5GignVf7av5dO7Iv1D.jpg,train
Home-page_jpg.rf.teMvDTiYQZvQalGw8heM.jpg,train
Home-page_png.rf.dWFtWMxJfy6w51nQ4oMT.jpg,train
IMG-20240424-WA0023_jpg.rf.8l1eB9AETCPmWrPD5qGs.jpg,train
IMG_20240424_215822_jpg.rf.exP1HZfQMyOv58h1ZlBu.jpg,train
IMG_20240424_220109_jpg.rf.HGTmTcfEW1zedXF88q0l.jpg,train
IMG_20240424_220657_jpg.rf.CP2ieqLu3uck07tnZDP1.jpg,train
IMG_20240424_220703_jpg.rf.Ul4zESixtshbJdXUWm0k.jpg,train
IMG_20240424_221616_jpg.rf.MBxkmyGwYy5LN9MdGX3E.jpg,train
IMG_20240424_221718_jpg.rf.sJxJ9GxqmJ158FgJy6zr.jpg,train
IMG_20240424_222011_jpg.rf.Y8LGODuB1115ptEtujNe.jpg,train
IMG_20240424_222047_jpg.rf.44TUL8oEiUDG3ccLnttL.jpg,train
IMG_20240424_222616_jpg.rf.VugzI1IoiWpYVMCUdQL1.jpg,train
Image_10_jpeg.rf.HEJKR8k6LxjtWY3PEjKa.jpg,train
Image_10_jpeg.rf.ppcHhmCgGI18H0YTMgR1.jpg,train
Image_12_jpeg.rf.FyWBGTlRJX6SXve8Unu1.jpg,train
Image_12_jpeg.rf.l3A4zFWTxbrrwEX9B2wr.jpg,train
Image_14_jpeg.rf.gYpdy3guikRIz5qAurPf.jpg,train
Image_14_png.rf.IlxsNR1u6Pcjp3exjMm7.jpg,train
Image_15_jpg.rf.LzttsgerBGigj2cE26oA.jpg,train
Image_15_jpg.rf.PJffmcpy13wT9tknxm0O.jpg,train
Image_18_jpg.rf.DxsqHmOYqMFZhvRbtKaW.jpg,train
Image_25_png.rf.aF2svpodijyZYZBs0xHy.jpg,train
Image_32_jpg.rf.BePS6mDZMPA9alcj20gx.jpg,train
Image_32_jpg.rf.wPoopUY5jH1pbwjvMVdj.jpg,train
Image_48_jpg.rf.QTzavvItXg3Zb5DyceKs.jpg,train
Image_53_jpg.rf.TAcxqmp1pOSXlgvTSGF8.jpg,train
Image_78_jpg.rf.q0V4sNX2XbQCSruafish.jpg,train
Image_7_jpg.rf.yml3bqIahOn2noougv5o.jpg,train
Interesting-facts-about-Pepsi-_-Just_jpg.rf.0hlUr6eILdJ0W86OZgA9.jpg,train
Interesting-facts-about-Pepsi-_-Just_jpg.rf.aKbWPoegCpp2nDKrylu9.jpg,train
Interesting-facts-about-Pepsi-_-Just_jpg.rf.hUWWcD7vprVcNAXT9miw.jpg,train
Jual-Pepsi-Bottle-Drink-600ml-di-Seller_jpg.rf.CO9Ax7uDCkGs6OxNNS8W.jpg,train
Jual-Pepsi-Bottle-Drink-600ml-di-Seller_jpg.rf.Y9VF3NqtxlEREoAJHjAg.jpg,train
Jual-Pepsi-Bottle-Drink-600ml-di-Seller_jpg.rf.oJ2JL0TpEaZfQaD9OKVR.jpg,train
Karim-Rashid-designs-Pepsi-bottles-and_jpg.rf.YmfAbWbwBlLSNGrJ3CFK.jpg,train
Karim-Rashid-designs-Pepsi-bottles-and_jpg.rf.c2FADAW8XRMn5cFN9vKv.jpg,train
Limited-Edition-PEPSI-Soda-Bottle-2021_jpg.rf.1pqvDO3eCeztfCsbgK9c.jpg,train
Limited-Edition-PEPSI-Soda-Bottle-2021_jpg.rf.72YNRoiw9tbYHOPQDLWj.jpg,train
Limited-Edition-PEPSI-Soda-Bottle-2021_jpg.rf.VPPnc3d3322xlE1dtjE5.jpg,train
List-of-Pepsi-variations---Wikipedia_jpg.rf.U5LLgYDX63zlHv3qmBz3.jpg,train
List-of-Pepsi-variations---Wikipedia_jpg.rf.V7uhzmkcgwsPp8Ag7Zpz.jpg,train
List-of-Pepsi-variations---Wikipedia_jpg.rf.cYir1Sj5zutO7xF6Av8S.jpg,train
List-of-Pepsi-variations---Wikipedia_jpg.rf.kdqKDCuyMJeD87OloUWd.jpg,train
List-of-Pepsi-variations---Wikipedia_jpg.rf.s5hKOM8owpvexZfiLWZA.jpg,train
London-Uk-10242020-Cold-Pepsi-Can-Stock-Photo_yythk_jpg.rf.5UajTUete03saTMFHX16.jpg,train
London-Uk-10242020-Cold-Pepsi-Can-Stock-Photo_yythk_jpg.rf.n2tF1sdQyDMdbxPyy9b0.jpg,train
Mother-London_jpg.rf.kMa7KC7SAB3qAGMVvuh5.jpg,train
Order-Pepsi-Can-Local-250ml_-12-Pieces-Online_yythk_jpg.rf.058dEnkKPsIopVPi4gRf.jpg,train
PEPSI-BOTTLE-DRINK-12-X-1-5LTR-CTN_jpg.rf.GuBWZhZNBzl7FNjPFtY7.jpg,train
PEPSI-Cola-can-MALAYSIA-Tall-330ml-Promo-2019_yythk_jpg.rf.cZj9GWuPpU6fpevI7NIJ.jpg,train
PEPSI_-Regular-330Ml-Can-_-Watsons-Philippines_jpg.rf.40Wxrzge8gmUIU2VJm0w.jpg,train
Pepsi---JuruStore_jpg.rf.rq3A55ajW8BVpbkphjP8.jpg,train
Pepsi-Bottle-Images---Browse-2_152-Stock-Photos__yy_jpg.rf.63OLH7HmB9IX257Qshr4.jpg,train
Pepsi-Can-Png-Download---Pepsi-Can-Png-Trans_jpg.rf.xE4Na7dAydiX7flzmAtM.jpg,train
Pepsi-Can-Soda-Pepsi-Can-Soda-_-Total-Bevera_jpg.rf.jwPyMiAGbhn88bc90cgM.jpg,train
Pepsi-Can-Soft-drink-24_300ml-_-Lazada_jpg.rf.34cLJzvjiPr3w4YgqdQm.jpg,train
Pepsi-Cola-PET-1-5L-_-Lazada_-Buy-sell_png.rf.i5I9Wx0v6uuTEmO3yIv2.jpg,train
Pepsi-Cola-Soda-Pop_-12-oz-Cans_-24-Pack_yyt_jpg.rf.tWqKT46F8osaHQRxadDY.jpg,train
Pepsi-Cola_-3-Liter-Bottle-_-Soft_png.rf.3yY1qWEnJ9kUqn3AQi3g.jpg,train
Pepsi-Cola_-3-Liter-Bottle-_-Soft_png.rf.TkqDtlIGNxKHlWzMhoiN.jpg,train
Pepsi-Collectibles---Bottles-and-Cans_JPG.rf.oPe5Tuk8qw9oDoi4YI4q.jpg,train
Pepsi-Diet-Can-_-Thom_s-Bakery-and-Supermarket_jpg.rf.snfPsTF7j4UJ3OEDlDNx.jpg,train
Pepsi-Max-At-The-Best-Price--Buy-Cheap_jpg.rf.N5swug5OqmiS97XKSceu.jpg,train
Pepsi-Max-At-The-Best-Price--Buy-Cheap_jpg.rf.RlMh6AzBHBtnNKIIjFJ7.jpg,train
Pepsi-My-Soft-Drink-Can-at-Rs-24-piece_yythk_jpg.rf.rTD30PB2SkqBhuMyi4gy.jpg,train
Pepsi-Plastic-Bottles-500ml-x-24---JL_jpg.rf.XuOOelJqJqkMCYKoGuMU.jpg,train
Pepsi-Png-Pic---Pepsi-Bottle-0-5_png.rf.ZQmrRj7npIA6qURe1Tst.jpg,train
Pepsi-Regular-Bottle-330ml-_-Carbonated_jpg.rf.xX2b8odW5eMqzwKBUeC3.jpg,train
Pepsi-Regular-Bottle-Drinks--1-5L_jpg.rf.OyXMT7xFSrlpAUIVoSrO.jpg,train
Pepsi-Soda-Cola-2-L-Bottle-_-Meijer_png.rf.QyYHfG2mmeiXo049dw10.jpg,train
Pepsi-Soft-Drink-2L-_-Beverages_png.rf.ne8XZ1njjpVAhZedJJ3q.jpg,train
Pepsi-Soft-Drink-355-ml-x24---Soft_jpg.rf.AwALKA6cQA7Q1bw6lPgp.jpg,train
Pepsi-Vs-Coca-Cola---The-Advertising_png.rf.WjM4GXlZPBCmI8TZfRI4.jpg,train
Pepsi-Zero-Sugar-Declares-the-End-of_jpg.rf.HztRwiQQZuE5k7pvKsuK.jpg,train
Pepsi-_-POKKA-Singapore-Partner-Brands_jpg.rf.HsDgAI9X2UBszkQoltBh.jpg,train
Pepsi-can-hi-res-stock-photography-and-images--_yyt--1-_jpg.rf.vr5P2fmPXEB4Fv2QNLJD.jpg,train
Pepsi-com--3-_png.rf.MSkQgU82vzJlGlaxT1Ew.jpg,train
Pepsi-com--3-_png.rf.V5mtkdURzfzlwHBEauMq.jpg,train
Pepsi-com_jpg.rf.u2zGGYrmjDjbYtTnUfTc.jpg,train
PepsiCo--PEP--Boosts-Outlook-as_jpg.rf.wRwoQD9QXOaPhnR8HeJ1.jpg,train
Pepsi_jpg.rf.Yl0oAuomPe9YmDlPxgBc.jpg,train
Screenshot-2024-08-02-135638_png.rf.Bq6icB7XVhR9ogWKoEw2.jpg,train
Screenshot-2025-09-11-163614_png.rf.1WxYJRSawqrVQMfjxyob.jpg,train
Screenshot-2025-09-11-163614_png.rf.9yE4mUD84qKVB0uYox26.jpg,train
Screenshot-2025-09-11-163614_png.rf.U6Wkko9bJFtyAi75XGSa.jpg,train
Screenshot-2025-09-11-163724_png.rf.FkAFIZ8SzNLMAmCpJuGw.jpg,train
Screenshot-2025-09-11-163724_png.rf.fvG1DbzGgnULcfWKNdXC.jpg,train
Screenshot-2025-09-11-163732_png.rf.VmZAho7xQyHiHKKMAgfg.jpg,train
Screenshot-2025-09-11-163732_png.rf.WjiNDB7VL3X7EKaCpVLW.jpg,train
Screenshot-2025-09-11-163732_png.rf.jk27s3cGqqGjMVexGfs6.jpg,train
Screenshot-2025-09-11-163824_png.rf.CD79i5K4OLKlDk6fanCR.jpg,train
Screenshot-2025-09-11-163824_png.rf.Nnz8LcOECc2J5AWqTPDg.jpg,train
Screenshot-2025-09-11-163838_png.rf.L9TpEDtgM1f650FWvR7l.jpg,train
Screenshot-2025-09-11-163838_png.rf.dsp2mMNId56yTmWlFX5l.jpg,train
Screenshot-2025-09-11-163838_png.rf.yjprI7NsiXQfqLwUlI6V.jpg,train
Screenshot-2025-09-11-163849_png.rf.RHLa0O1NClmuMqWSQgdo.jpg,train
Screenshot-2025-09-11-163849_png.rf.UeiAnMgMGeNbC4oE20NZ.jpg,train
Screenshot-2025-09-11-163902_png.rf.1HOs0SQHHTuMozkj1orG.jpg,train
Screenshot-2025-09-11-163902_png.rf.byogi6LhSj5iJPXy4toW.jpg,train
Screenshot-2025-09-11-163915_png.rf.AKMHLTNjIrMjkMNeeFgJ.jpg,train
Screenshot-2025-09-11-163915_png.rf.eWxtbI0tqJ5tt4zbFQUU.jpg,train
Screenshot-2025-09-11-163915_png.rf.o8mHIscVpequGklG0yTW.jpg,train
Screenshot-2025-09-11-163938_png.rf.ozq258y95AvqLOiNYeb0.jpg,train
Screenshot-2025-09-11-163951_png.rf.IGA5erB0kI2VxOOvYBMN.jpg,train
Screenshot-2025-09-11-163951_png.rf.YzsCSbvp5DahjDzHnMEf.jpg,train
Screenshot-2025-09-11-164001_png.rf.whGXFryyA52mmbuXdwcc.jpg,train
Screenshot-2025-09-11-164013_png.rf.DiQc52MFpKEbhI4bCRBa.jpg,train
Screenshot-2025-09-11-164023_png.rf.y4KDLhDjJaD4D2YGIjwq.jpg,train
Screenshot-2025-09-11-164035_png.rf.JsbDJxoHAjJRuhkH6xws.jpg,train
Screenshot-2025-09-11-164035_png.rf.zhf6sCnBoxB9oL7IIcP0.jpg,train
Screenshot-2025-09-11-164046_png.rf.SfbiDdbQRr5BN8EYBsNP.jpg,train
Screenshot-2025-09-11-164046_png.rf.yIhNmDgwzfvD1YIsFXYW.jpg,train
Screenshot-2025-09-11-164055_png.rf.7bIZnwPAbuV026DodgGr.jpg,train
Screenshot-2025-09-11-164055_png.rf.l9nD79sg1Ha1k9rhQJsJ.jpg,train
Screenshot-2025-09-11-164106_png.rf.9qei6QXZp4BYOmY9tmdp.jpg,train
Screenshot-2025-09-11-164153_png.rf.QwhuRK3HTJdXF57XWBOd.jpg,train
Screenshot-2025-09-11-164214_png.rf.JuF3Is0YpTjUT7QwhsUh.jpg,train
Screenshot-2025-09-11-164233_png.rf.5F58oZ8HgVZ2dHBcGaZA.jpg,train
Screenshot-2025-09-11-164233_png.rf.HgDdjq77beu1dt3zl7F2.jpg,train
Screenshot-2025-09-11-164233_png.rf.cekpg2wGkeRZ8YJCoJTG.jpg,train
Screenshot-2025-09-11-164246_png.rf.Yx9ObUzHfBmG7Ssyicqn.jpg,train
Screenshot-2025-09-11-164246_png.rf.qSsJfSKuvPSIXOk6gA9M.jpg,train
Screenshot-2025-09-11-164246_png.rf.ssKkYGNhCCzVJpcUIL2A.jpg,train
Screenshot-2025-09-11-164257_png.rf.4l8fqS8SocMQlYNp8YMF.jpg,train
Screenshot-2025-09-11-164257_png.rf.nFS9NO6I1NbiUZRP6Aqc.jpg,train
Screenshot-2025-09-11-164305_png.rf.D4S4woKGU3m8fLmXY6sa.jpg,train
Screenshot-2025-09-11-164305_png.rf.kpDbC7u0LZhdqy5CjMqZ.jpg,train
Screenshot-2025-09-11-164356_png.rf.uOcKUKC1nVmE9ccNxtTo.jpg,train
Screenshot-2025-09-11-175816_png.rf.8Ub8unZs5qzbjnnAZAs1.jpg,train
Screenshot-2025-09-11-175816_png.rf.c7TJYYAORAQbD3ralqwk.jpg,train
Screenshot-2025-09-11-175824_png.rf.8fEUSQgqcd4Uy8VQzfnc.jpg,train
Screenshot-2025-09-11-175824_png.rf.nOT1MZhZjUZ1p9s5ItSc.jpg,train
Screenshot-2025-09-11-175824_png.rf.wmAPmCYboHAZwogLScIK.jpg,train
Screenshot-2025-09-11-175839_png.rf.UBeK9n80MCQa2jAin84V.jpg,train
Screenshot-2025-09-11-175857_png.rf.12v1VP8Djmnr0w5WKXVi.jpg,train
Screenshot-2025-09-11-175857_png.rf.2ddeqmSLZpcTfSMhVB7d.jpg,train
Screenshot-2025-09-11-175905_png.rf.p4KRsUFcHOj71lP03cWC.jpg,train
Screenshot-2025-09-11-175924_png.rf.28w1Kdb7d2SSqeuQgwT3.jpg,train
Screenshot-2025-09-11-175924_png.rf.D47MMg4a6Sn4gmnlXrJS.jpg,train
Screenshot-2025-09-11-175931_png.rf.CFOh980pfWVVRpH22Kcl.jpg,train
Screenshot-2025-09-11-175931_png.rf.nigQpBeyM9otS8agCEo1.jpg,train
Screenshot-2025-09-11-175937_png.rf.11zmVvJs4fpc1jukHa7X.jpg,train
Screenshot-2025-09-11-175937_png.rf.zxYtAzEhn2I54DoefX10.jpg,train
Screenshot-2025-09-11-175943_png.rf.TfAFFPc2e7TxjMM0hv39.jpg,train
Screenshot-2025-09-11-175950_png.rf.P7PvH85ZL5YAAmaXvWor.jpg,train
Screenshot-2025-09-11-175950_png.rf.oCIUXxIF8DDsYUqGNchS.jpg,train
Screenshot-2025-09-11-180004_png.rf.LodAIScASxcd09RrZVFI.jpg,train
Screenshot-2025-09-11-180004_png.rf.e4ytNAnJq8DrWhkxtSTq.jpg,train
Screenshot-2025-09-11-180004_png.rf.rZZVFy64uJP16Ro6DcS9.jpg,train
Screenshot-2025-09-11-180020_png.rf.alf0T87m13G50ANvACm8.jpg,train
Screenshot-2025-09-11-180020_png.rf.jd6ynw3WnJtvJVRv3w7Y.jpg,train
Screenshot-2025-09-11-180147_png.rf.cclhlRMePVfjqzYCEr57.jpg,train
Screenshot-2025-09-11-180340-Copy_png.rf.2aElYk7vqeeydthXwHlc.jpg,train
Screenshot-2025-09-11-180340-Copy_png.rf.GlcSNxnr5CrspN4rjiyW.jpg,train
Screenshot-2025-09-11-180349-Copy_png.rf.L2EhbZCVDkcCP98YiSUH.jpg,train
Screenshot-2025-09-11-180349-Copy_png.rf.dOTFodw8ORWUiowZIiwi.jpg,train
Screenshot-2025-09-11-180358-Copy_png.rf.3rLjyji39joMupqPilZq.jpg,train
Screenshot-2025-09-11-180358-Copy_png.rf.UYVqXH3RodKpWAx8ZX06.jpg,train
Screenshot-2025-09-11-180358-Copy_png.rf.uW39QqcdTKmjLrLkrJ5V.jpg,train
Screenshot-2025-09-11-182835_png.rf.MjME3f0dkcvvURvZCLuL.jpg,train
Screenshot-2025-09-11-182906_png.rf.cR6TIHQR6APe3C7K77gG.jpg,train
Screenshot-2025-09-11-182916_png.rf.Rr8YaxbG3tmP6MKcRPmP.jpg,train
Screenshot-2025-09-11-182916_png.rf.nYs0tJeZWcGwVvvEwC5x.jpg,train
Screenshot-2025-09-11-183053_png.rf.CnCO2xM0KuM7QzD3fw91.jpg,train
Screenshot-2025-09-11-183053_png.rf.gZEUBaOoZgmSll0RVwzU.jpg,train
Screenshot-2025-09-11-183116_png.rf.1T25sv62OeTK7tT6rr2u.jpg,train
Screenshot-2025-09-11-183158_png.rf.IpTy65tUjYzagIJDeERs.jpg,train
Screenshot-2025-09-11-183307_png.rf.Viw6qwYTD3F3Ci2lLQvC.jpg,train
Screenshot-2025-09-11-183400_png.rf.XAG7LqQm9l84gRlFLMw4.jpg,train
Screenshot-2025-09-11-183410_png.rf.8T0HyeawftGMIXUfoUSg.jpg,train
Screenshot-2025-09-11-183423_png.rf.7lCLo49T6fsBmxs4aaFV.jpg,train
Screenshot-2025-09-11-183423_png.rf.jUEtlU190Y23Am5Ucywe.jpg,train
Screenshot-2025-09-11-183433_png.rf.rGtbDxeQcLX50lxPOBmB.jpg,train
Screenshot-2025-09-11-183433_png.rf.rH7XgJo93lQEiWrLgIe9.jpg,train
Screenshot-2025-09-11-183441_png.rf.BQn0ihRF8SE2xGSfjjX2.jpg,train
Screenshot-2025-09-11-183450_png.rf.AsBhyBCbb0ute08q4IqK.jpg,train
Screenshot-2025-09-11-183500_png.rf.K4yPbveOPvXDNiNtDO48.jpg,train
Screenshot-2025-09-11-183516_png.rf.EihxaK4LLhQePPRjR5OH.jpg,train
Screenshot-2025-09-11-183705_png.rf.QvuypubMpWMsH4d3cCbz.jpg,train
Screenshot-2025-09-11-183741_png.rf.yLT0Fl8jheENdMQvFD6h.jpg,train
Screenshot-2025-09-11-183754_png.rf.BZrU7oIPpIOGCNj1yMp9.jpg,train
Screenshot-2025-09-11-183754_png.rf.g4f0nlhuouWsJXzCyZqx.jpg,train
Screenshot-2025-09-11-183754_png.rf.iP3E0AOvBdwlgrpyUZgS.jpg,train
Screenshot-2025-09-11-183810_png.rf.kbm1LGIB6qCxmhFwdvhD.jpg,train
Screenshot-2025-09-11-183843_png.rf.nUtT8O1H7x1wTN4gPp4u.jpg,train
Screenshot-2025-09-11-183843_png.rf.rKvLmU9sAtTcRoRSYVa7.jpg,train
Screenshot-2025-09-11-183857_png.rf.ZjKV7qCSvt4q6ne5VvVJ.jpg,train
Screenshot-2025-09-11-183857_png.rf.bCbBN9j76uGASJ3LoYJt.jpg,train
Screenshot-2025-09-11-183911_png.rf.G6JyUMHqt5ZFvu5y8uRh.jpg,train
Screenshot-2025-09-11-184008_png.rf.GgOm64D2G9p0aJTMGssv.jpg,train
Screenshot-2025-09-11-184008_png.rf.MEQEtYTmTyGz0DhgURpG.jpg,train
Screenshot-2025-09-11-184008_png.rf.j9G36U2Z5Nyv0IdiFW7J.jpg,train
Screenshot-2025-09-11-184016_png.rf.ZIvdyPR99jiVCLyZvllR.jpg,train
Screenshot-2025-09-11-184016_png.rf.shZ7JiMtIpYsap83914y.jpg,train
Screenshot-2025-09-11-184246_png.rf.Qi1QGhHvf2NEyhm9nda6.jpg,train
Screenshot-2025-09-11-184306_png.rf.NvORXpf3MbJ7E4vq7NEJ.jpg,train
Screenshot-2025-09-11-184330_png.rf.9OeQYdNYHTGkh5Kuv9ER.jpg,train
Screenshot-2025-09-12-042700_png.rf.m6gNKd8fP9YG6NCJMKpu.jpg,train
Screenshot-2025-09-12-042700_png.rf.mBlvijSbOU3cucrMpjNw.jpg,train
Screenshot-2025-09-12-042700_png.rf.psxM7GpzKyGJKrIHyh9I.jpg,train
Screenshot-2025-09-12-042716_png.rf.CoSeggtyizgaqo9HTInO.jpg,train
Screenshot-2025-09-12-042727_png.rf.gf6Fkfqxso5CrrJi4tmt.jpg,train
Screenshot-2025-09-12-042740_png.rf.7fslXlxcd4ZOcTMbE705.jpg,train
Screenshot-2025-09-12-042759_png.rf.cjW85nAp6rHKzzw0mbPt.jpg,train
Screenshot-2025-09-12-042809_png.rf.KciPUievPI7V4IMuVWOE.jpg,train
Screenshot-2025-09-12-042809_png.rf.kTWZsLbEXU91xgqWuI71.jpg,train
Screenshot-2025-09-12-042816_png.rf.WG79Q4X56b4m2KDem9JP.jpg,train
Screenshot-2025-09-12-042825_png.rf.CYKF6lhw34xUft6miEUK.jpg,train
Screenshot-2025-09-12-042842_png.rf.s53jCiQ4kx35vPI2FsHw.jpg,train
Screenshot-2025-09-12-042901_png.rf.e1nUgQqcqVVWg5ZFMARM.jpg,train
Screenshot-2025-09-12-042948_png.rf.UG43UutmmORvUHhHcZaM.jpg,train
Screenshot-2025-09-12-042948_png.rf.z7boJlfDJKdZTBpzSRat.jpg,train
Screenshot-2025-09-12-043003_png.rf.84McOhfNcslqUDAK5pdy.jpg,train
Screenshot-2025-09-12-043019_png.rf.gtxRcWUi7PwU2PjHepvQ.jpg,train
Screenshot-2025-09-12-043031_png.rf.MzfuUcelsR7fmc26le2T.jpg,train
Screenshot-2025-09-12-043101_png.rf.zUkJ9ywG0IBXVEohBpvZ.jpg,train
Screenshot-2025-09-12-043126_png.rf.TEHJylTi6AaIawTX8T16.jpg,train
Screenshot-2025-09-12-043151_png.rf.RnPRRjcn3L5tKFZ0lXtB.jpg,train
Screenshot-2025-09-12-043217_png.rf.06vlTFseZzdwipnl3NCj.jpg,train
Screenshot-2025-09-12-043257_png.rf.LoGYvmz8UxT3egbTZsMd.jpg,train
Screenshot-2025-09-12-043257_png.rf.UWNPjPV8YB1V7cN0muXQ.jpg,train
Screenshot-2025-09-12-043312_png.rf.0WSC1NsiTxtERcBZOlvr.jpg,train
Screenshot-2025-09-12-043333_png.rf.6UdT8kpY9Sf0w3JM5Iaz.jpg,train
Swathi-Thirunal---Pepsi-Can_jpg.rf.OvqBEeVcULBsWtKSituQ.jpg,train
WhatsApp Image 2025-01-15 at 14_50_24_0589231e_jpg.rf.SH1ElooNHQ3FienV8qu9.jpg,train
WhatsApp Video 2025-01-15 at 14_50_30_950dbe0e_mp4-0001_jpg.rf.mBpHzy033BmwswgA9QXD.jpg,train
WhatsApp Video 2025-01-15 at 14_50_30_950dbe0e_mp4-0006_jpg.rf.y8ZT8ImfMqNhTR2rmqYz.jpg,train
WhatsApp Video 2025-01-15 at 14_50_30_950dbe0e_mp4-0008_jpg.rf.tsMjOB5EiM1AlufzG8UG.jpg,train
WhatsApp Video 2025-01-15 at 14_50_30_950dbe0e_mp4-0009_jpg.rf.aNmmmzDzKBmFx3etLbrA.jpg,train
WhatsApp Video 2025-01-15 at 14_50_30_950dbe0e_mp4-0012_jpg.rf.8zKEdiilQYtgDUTqoTUL.jpg,train
WhatsApp Video 2025-01-15 at 14_50_30_950dbe0e_mp4-0013_jpg.rf.WNuKiDbAyMnCgErUNjga.jpg,train
WhatsApp Video 2025-01-15 at 14_50_30_950dbe0e_mp4-0015_jpg.rf.IxpOy5VIEkGBlQE0OCkS.jpg,train
WhatsApp Video 2025-01-15 at 14_50_30_950dbe0e_mp4-0016_jpg.rf.ipXhRiDvZzPWHF63ul8R.jpg,train
WhatsApp Video 2025-01-15 at 14_50_30_950dbe0e_mp4-0017_jpg.rf.hZBDLFGet2EDmCTeMPwK.jpg,train
WhatsApp Video 2025-01-15 at 14_50_30_950dbe0e_mp4-0018_jpg.rf.KA1tIibGDoYzqdXXuls2.jpg,train
WhatsApp Video 2025-01-15 at 14_50_30_daad8c9c_mp4-0001_jpg.rf.dlKVJDwsXCguoM18uprW.jpg,train
WhatsApp Video 2025-01-15 at 14_50_30_daad8c9c_mp4-0002_jpg.rf.mmPL73PaJhBQfeuWr1EI.jpg,train
WhatsApp Video 2025-01-15 at 14_50_30_daad8c9c_mp4-0004_jpg.rf.2dJrRlBns5PJcDOYaxZI.jpg,train
WhatsApp Video 2025-01-15 at 14_50_30_daad8c9c_mp4-0005_jpg.rf.pUKQfTsZ3Cn6KQfF3c7L.jpg,train
WhatsApp Video 2025-01-15 at 14_50_30_daad8c9c_mp4-0008_jpg.rf.XaxKP0JyhM9ozSCJW01T.jpg,train
WhatsApp Video 2025-01-15 at 14_50_30_daad8c9c_mp4-0011_jpg.rf.ApqVRaQMcIEhEmWOpOxq.jpg,train
WhatsApp Video 2025-01-15 at 14_50_30_daad8c9c_mp4-0012_jpg.rf.IAk6i0rT4cq6lp4MrFk8.jpg,train
WhatsApp Video 2025-01-15 at 14_50_30_daad8c9c_mp4-0013_jpg.rf.jxjRJW96OmWPwKfheW3M.jpg,train
WhatsApp Video 2025-01-15 at 14_50_30_daad8c9c_mp4-0017_jpg.rf.EG0BXMdXYK4n2nNyhHg0.jpg,train
WhatsApp Video 2025-01-15 at 14_50_30_daad8c9c_mp4-0019_jpg.rf.XJ3NogUonKDnblenrxSG.jpg,train
WhatsApp Video 2025-01-15 at 14_50_30_daad8c9c_mp4-0021_jpg.rf.kQRHja9ujwvL4ahrXVPn.jpg,train
WhatsApp Video 2025-01-15 at 14_50_30_daad8c9c_mp4-0022_jpg.rf.nM83xYvX5APeBHjjvS2E.jpg,train
WhatsApp Video 2025-01-15 at 14_50_30_daad8c9c_mp4-0025_jpg.rf.AC0AjdpNEoKXoScN39Wr.jpg,train
WhatsApp Video 2025-01-15 at 14_50_30_daad8c9c_mp4-0026_jpg.rf.JO6EBR32h6XvUtDOlHoP.jpg,train
WhatsApp Video 2025-01-15 at 14_50_32_13b4e91e_mp4-0001_jpg.rf.ntlVvWn2S7JzBBYPm0iO.jpg,train
WhatsApp Video 2025-01-15 at 14_50_32_13b4e91e_mp4-0002_jpg.rf.wOzyIYCISsHKFgeEWNrl.jpg,train
WhatsApp Video 2025-01-15 at 14_50_32_13b4e91e_mp4-0005_jpg.rf.LefbToX8RYegGvrJaBQJ.jpg,train
WhatsApp Video 2025-01-15 at 14_50_32_13b4e91e_mp4-0008_jpg.rf.lW3uIakanF3n9flsVIFB.jpg,train
WhatsApp Video 2025-01-15 at 14_50_32_13b4e91e_mp4-0009_jpg.rf.24VmN0CVtupMTSLbZjlz.jpg,train
WhatsApp Video 2025-01-15 at 14_50_32_13b4e91e_mp4-0010_jpg.rf.TKaZUDqTfvhUthTBGQTP.jpg,train
WhatsApp Video 2025-01-15 at 14_50_32_13b4e91e_mp4-0011_jpg.rf.GGI92bzEN8EJtv7XaX4U.jpg,train
WhatsApp Video 2025-01-15 at 14_50_32_13b4e91e_mp4-0012_jpg.rf.hE6qTEsMoklCcDvPiISJ.jpg,train
WhatsApp Video 2025-01-15 at 14_50_32_13b4e91e_mp4-0013_jpg.rf.topOuGTxc50hZcwu2OBW.jpg,train
WhatsApp Video 2025-01-15 at 14_50_32_13b4e91e_mp4-0014_jpg.rf.HfzdMsQWhjUsDvhiAAWs.jpg,train
WhatsApp Video 2025-01-15 at 14_50_32_13b4e91e_mp4-0017_jpg.rf.uIJN7B8gc9frMd5wYq1N.jpg,train
WhatsApp Video 2025-01-15 at 14_50_32_13b4e91e_mp4-0018_jpg.rf.3jivQjoXmobh2AAwX2Y8.jpg,train
WhatsApp Video 2025-01-15 at 14_50_32_13b4e91e_mp4-0021_jpg.rf.4lL2iOQqCvEppIxAM0lm.jpg,train
WhatsApp Video 2025-01-15 at 14_50_32_13b4e91e_mp4-0022_jpg.rf.JHC5WsyQtWdBoHrIN7mX.jpg,train
WhatsApp Video 2025-01-15 at 14_50_32_13b4e91e_mp4-0023_jpg.rf.MHLslFri3ny5wj2gxrlg.jpg,train
WhatsApp Video 2025-01-15 at 14_50_32_13b4e91e_mp4-0024_jpg.rf.y233idOQ8xXssUAqQ97l.jpg,train
WhatsApp Video 2025-01-15 at 14_50_32_13b4e91e_mp4-0025_jpg.rf.2c0fjsqd1Xs9tdE5Ou5l.jpg,train
WhatsApp Video 2025-01-15 at 14_50_32_13b4e91e_mp4-0026_jpg.rf.A78baI0D7OFqlbeeA4jz.jpg,train
WhatsApp Video 2025-01-15 at 14_50_32_13b4e91e_mp4-0028_jpg.rf.bjiyV4f6iLs3cEmwq3vc.jpg,train
WhatsApp Video 2025-01-15 at 14_50_32_13b4e91e_mp4-0030_jpg.rf.O6cvORanHNouMYCcaz6S.jpg,train
WhatsApp Video 2025-01-15 at 14_50_32_70d83f7b_mp4-0000_jpg.rf.OQ3TKntcCtNaqsQuGAPO.jpg,train
WhatsApp Video 2025-01-15 at 14_50_32_70d83f7b_mp4-0003_jpg.rf.fBzXL0cdAC8sz1GZXmuV.jpg,train
WhatsApp Video 2025-01-15 at 14_50_32_70d83f7b_mp4-0008_jpg.rf.c0DTT5BnQ4iNLchoodn5.jpg,train
WhatsApp Video 2025-01-15 at 14_50_32_70d83f7b_mp4-0010_jpg.rf.YPKKXZaZLjrrHBLsCVlV.jpg,train
WhatsApp Video 2025-01-15 at 14_50_32_70d83f7b_mp4-0011_jpg.rf.9vlK3Je1H4KwTN44UTRd.jpg,train
WhatsApp Video 2025-01-15 at 14_50_32_70d83f7b_mp4-0012_jpg.rf.jfLpGocpoQQOll22i7tT.jpg,train
WhatsApp Video 2025-01-15 at 14_50_32_70d83f7b_mp4-0013_jpg.rf.vQcxLUFMDbeq9Lg3YofN.jpg,train
WhatsApp Video 2025-01-15 at 14_50_32_70d83f7b_mp4-0014_jpg.rf.XJqS47sV4BVW5DFJbLIJ.jpg,train
WhatsApp Video 2025-01-15 at 14_50_32_70d83f7b_mp4-0015_jpg.rf.OffyM56TWMFIR3r2KsFX.jpg,train
WhatsApp Video 2025-01-15 at 14_50_32_70d83f7b_mp4-0023_jpg.rf.8JNqI6QpZSrkEnh1B2x6.jpg,train
WhatsApp Video 2025-01-15 at 14_50_32_70d83f7b_mp4-0025_jpg.rf.ghYMPPEwaNE9GMxlDV7b.jpg,train
WhatsApp Video 2025-01-15 at 14_50_32_70d83f7b_mp4-0026_jpg.rf.niTlISYeSQfIrazdNQwK.jpg,train
WhatsApp Video 2025-01-15 at 14_50_32_70d83f7b_mp4-0027_jpg.rf.LD5KuDPu31FnFyF4JgqD.jpg,train
WhatsApp Video 2025-01-15 at 14_50_32_70d83f7b_mp4-0028_jpg.rf.q2m6gu0LKvRoT4w4c7XY.jpg,train
WhatsApp Video 2025-01-15 at 14_50_32_70d83f7b_mp4-0029_jpg.rf.wkdIFmD2inNnsH9ShzCn.jpg,train
WhatsApp Video 2025-01-15 at 14_50_32_7ff6a28e_mp4-0000_jpg.rf.kusHJ7ohnY5wnft8FwTu.jpg,train
WhatsApp Video 2025-01-15 at 14_50_32_7ff6a28e_mp4-0001_jpg.rf.OIKklaqtCgZf54lKfqcg.jpg,train
WhatsApp Video 2025-01-15 at 14_50_32_7ff6a28e_mp4-0002_jpg.rf.rvJtMyOf0CBT4MoAhR83.jpg,train
WhatsApp Video 2025-01-15 at 14_50_32_7ff6a28e_mp4-0003_jpg.rf.xq5H5zn5egdXvdg2VfBo.jpg,train
WhatsApp Video 2025-01-15 at 14_50_32_7ff6a28e_mp4-0004_jpg.rf.GNTh2NmhxnoXeqKwGmjJ.jpg,train
WhatsApp Video 2025-01-15 at 14_50_32_7ff6a28e_mp4-0005_jpg.rf.d4U8FNG7Kowt1b242xTv.jpg,train
WhatsApp Video 2025-01-15 at 14_50_32_7ff6a28e_mp4-0006_jpg.rf.gH0PEpX1Ogi2pohDYWGp.jpg,train
WhatsApp Video 2025-01-15 at 14_50_32_7ff6a28e_mp4-0007_jpg.rf.NMSoN8xsjnrYoV8XbfP3.jpg,train
WhatsApp Video 2025-01-15 at 14_50_32_7ff6a28e_mp4-0010_jpg.rf.TnwnI4qIa2H1oveCNxhq.jpg,train
WhatsApp Video 2025-01-15 at 14_50_32_7ff6a28e_mp4-0011_jpg.rf.kjVX3ztOVBtbA7ZcLk0m.jpg,train
WhatsApp Video 2025-01-15 at 14_50_32_7ff6a28e_mp4-0012_jpg.rf.CteQVbXVhyWRPYWlePbU.jpg,train
WhatsApp Video 2025-01-15 at 14_50_32_7ff6a28e_mp4-0019_jpg.rf.BUDx7l1d2gtra43IgYjZ.jpg,train
WhatsApp Video 2025-01-15 at 14_50_32_be762203_mp4-0000_jpg.rf.etYAdQ6lHGq4Dpw8aRHm.jpg,train
WhatsApp Video 2025-01-15 at 14_50_32_be762203_mp4-0002_jpg.rf.V9PcI1AOQUQ82v9kEW4w.jpg,train
WhatsApp Video 2025-01-15 at 14_50_32_be762203_mp4-0003_jpg.rf.UpNx5hOAYJ4M58vVNqX8.jpg,train
WhatsApp Video 2025-01-15 at 14_50_32_be762203_mp4-0004_jpg.rf.CKwYiNhhAXKJRD4zxk3K.jpg,train
WhatsApp Video 2025-01-15 at 14_50_32_be762203_mp4-0007_jpg.rf.0k8ieCnC8dhSsyd6Jde3.jpg,train
WhatsApp Video 2025-01-15 at 14_50_32_be762203_mp4-0013_jpg.rf.kNXkXFCqAzHGcAWq2HeD.jpg,train
WhatsApp Video 2025-01-15 at 14_50_32_be762203_mp4-0014_jpg.rf.HSMRy9iFfTGEfHRWi1hr.jpg,train
WhatsApp Video 2025-01-15 at 14_50_32_be762203_mp4-0015_jpg.rf.gJLmXQWjSGMuJCjKPGCT.jpg,train
WhatsApp Video 2025-01-15 at 14_50_32_be762203_mp4-0018_jpg.rf.P6vE6eBG0Vpy9MTelajn.jpg,train
WhatsApp Video 2025-01-15 at 14_50_32_be762203_mp4-0019_jpg.rf.VFgPU3gjulrIO8a3XLdB.jpg,train
WhatsApp Video 2025-01-15 at 14_50_32_be762203_mp4-0020_jpg.rf.LMjE36XwhXLGd6pTHelE.jpg,train
WhatsApp Video 2025-01-15 at 14_50_32_be762203_mp4-0022_jpg.rf.mMb79vdShPaznyvYl3oq.jpg,train
WhatsApp Video 2025-01-15 at 14_50_32_be762203_mp4-0026_jpg.rf.ni2VHT1CnjDvmjj5wFBr.jpg,train
WhatsApp Video 2025-01-15 at 14_50_32_be762203_mp4-0027_jpg.rf.kRCH0ROk6QWIXPRTwltl.jpg,train
WhatsApp Video 2025-01-15 at 14_50_32_be762203_mp4-0028_jpg.rf.gN7RTIFRFZxCbVuKO65S.jpg,train
WhatsApp Video 2025-01-15 at 14_50_32_be762203_mp4-0029_jpg.rf.4kY1pi3eCpbFiKUPjPAk.jpg,train
WhatsApp Video 2025-01-15 at 14_50_32_be762203_mp4-0030_jpg.rf.5J7vjebOLgKsJYWmj4wa.jpg,train
WhatsApp Video 2025-01-15 at 14_50_32_be762203_mp4-0032_jpg.rf.hHRPIp3LDb0VdeQ0O8op.jpg,train
WhatsApp Video 2025-01-15 at 14_50_32_bec8999c_mp4-0000_jpg.rf.J0gi2Y1mm6sZLQ3QsI9b.jpg,train
WhatsApp Video 2025-01-15 at 14_50_32_bec8999c_mp4-0001_jpg.rf.W9yEYXhMbyCbNzBLY8j3.jpg,train
WhatsApp Video 2025-01-15 at 14_50_32_bec8999c_mp4-0002_jpg.rf.2oNYm6GRiwtR1W3ouQYE.jpg,train
WhatsApp Video 2025-01-15 at 14_50_32_d88ff96b_mp4-0001_jpg.rf.4SrWDbj1QsrB1bMLEdsD.jpg,train
WhatsApp Video 2025-01-15 at 14_50_32_d88ff96b_mp4-0002_jpg.rf.myVeULlxU12z7B9JyeRX.jpg,train
WhatsApp Video 2025-01-15 at 14_50_32_d88ff96b_mp4-0006_jpg.rf.j10F8mNZCZyeSt2VITw6.jpg,train
WhatsApp Video 2025-01-15 at 14_50_32_d88ff96b_mp4-0007_jpg.rf.AoBHarFl1tvIKKezqb4y.jpg,train
WhatsApp Video 2025-01-15 at 14_50_32_d88ff96b_mp4-0009_jpg.rf.S5LnApwTowJd3lFM14mZ.jpg,train
WhatsApp Video 2025-01-15 at 14_50_32_d88ff96b_mp4-0013_jpg.rf.59HcF1PHO54iGr7XrAUD.jpg,train
a102_jpg.rf.6NSHhr6kDV5NpZWgj2Cx.jpg,train
a103_jpg.rf.0olEqSgXNBy15qGZrCyl.jpg,train
a109_jpg.rf.NevffBTeO2rvZTjsHSHG.jpg,train
a10_jpg.rf.XGkN2h25l7CZH6CS8F4l.jpg,train
a112_jpg.rf.3AEsovp0ZC905CEopOy2.jpg,train
a113_jpg.rf.00MOFEoyCoaHnGzY7OGe.jpg,train
a117_jpg.rf.mwnzGShCTajklfq46pEe.jpg,train
a181_jpg.rf.DTeyHS0HG2X8VYpjDNVb.jpg,train
horizontal_flip_-2024-07-10T123521-434_jpg.rf.kO9QlZS15pCr2C1aOOWQ.jpg,train
horizontal_flip_-2024-07-10T123619-700_jpg.rf.VW8OriZOWDNtvwDKdYhB.jpg,train
horizontal_flip_-2024-07-10T124442-137_jpg.rf.ArQoSW1Unbkv4nm86KOB.jpg,train
horizontal_flip_-2024-07-10T124604-452_jpg.rf.ekXq0mwq0by324W3MLAs.jpg,train
horizontal_flip_-2024-07-10T124807-058_jpg.rf.j3hM8vvikHz6y9L30P5c.jpg,train
horizontal_flip_-2024-07-10T124814-426_jpg.rf.F07n780Nix6Zo5ZRdwYr.jpg,train
horizontal_flip_89_jpg.rf.3U9pGEWZ2vaB0sDUAkJX.jpg,train
images--12-_jpg.rf.yuzAE1UWBNoSmevRZzAh.jpg,train
planogram2_mp4-0001_jpg.rf.nytOBDLFSyPoiWmhVsIk.jpg,train
planogram2_mp4-0002_jpg.rf.s8WyPqluz6ipdPysPmCK.jpg,train
planogram2_mp4-0003_jpg.rf.VMNuaooZ0hRFhlgOeaml.jpg,train
planogram2_mp4-0004_jpg.rf.mrM8ASklbErmFqv47XOR.jpg,train
planogram2_mp4-0005_jpg.rf.TvI0VTmeXoZukhiy69sT.jpg,train
planogram2_mp4-0006_jpg.rf.hJJEJdt7RZICiMojGOox.jpg,train
planogram2_mp4-0007_jpg.rf.iOj1lAOT9aRJECNYYB1x.jpg,train
planogram2_mp4-0011_jpg.rf.2t8tAWEh7zJGpHK8CjWH.jpg,train
planogram2_mp4-0015_jpg.rf.scdV2vkI7M4CyUGMY7tt.jpg,train
planogram2_mp4-0018_jpg.rf.Gpf8E1sdYe8tUCe5DxKX.jpg,train
planogram2_mp4-0019_jpg.rf.ZBecvz3nutGeX9dIfvAl.jpg,train
planogram2_mp4-0020_jpg.rf.ZELV4BFIyXCCSi4lHAT7.jpg,train
vertical_flip_179_jpg.rf.wEUwRnbjRBLpYRsKL4e4.jpg,train
vertical_flip_214_jpg.rf.oAKLqvwyf2Cvo6WryrzS.jpg,train
vertical_flip_266_jpg.rf.tqsFSdpQpwjLvgeWhESa.jpg,train
vertical_flip_28_jpg.rf.cg6pUvpmwzAEe0yxrPaF.jpg,train
vertical_flip_60_jpg.rf.GE5pQJKTUUAgmR7BMLoZ.jpg,train
vertical_flip_6_jpg.rf.YePcOmEA9WIWivM9aPMV.jpg,train
vertical_flip_91_jpg.rf.aFa3hftVLva0RKK611Ac.jpg,train
vertical_flip_99_jpg.rf.J8yOe8Lu6snv8gEHykGM.jpg,train
zoom_in_-2024-07-10T123349-520_jpg.rf.RW5jHfWzjIaCCJ32xOWZ.jpg,train
zoom_in_-2024-07-10T123451-058_jpg.rf.XwnhUPF5J9XnYVvmBYmQ.jpg,train
zoom_in_-2024-07-10T123515-936_jpg.rf.BTjF1xYRRCckDU7YS16f.jpg,train
zoom_in_-2024-07-10T123651-352_jpg.rf.sDcIeUrsBMF2eh4dq4Qa.jpg,train
zoom_in_-2024-07-10T123658-500_jpg.rf.JbkQMrWHycj2lNs6vIze.jpg,train
zoom_in_-2024-07-10T123709-911_jpg.rf.Lx57pj7F6PtiBHjMCvZR.jpg,train
zoom_in_-2024-07-10T123735-690_jpg.rf.pRey3J1Z2PwfFKQA85lY.jpg,train
zoom_in_-2024-07-10T123820-020_jpg.rf.rgFUuujLEOUvMACt1zDT.jpg,train
zoom_in_-2024-07-10T123923-661_jpg.rf.2QonPmbeBBRzswJyTvMt.jpg,train
zoom_in_-2024-07-10T123929-398_jpg.rf.7aaVaLUX1B0SK2Qn9LLc.jpg,train
zoom_in_-2024-07-10T123943-074_jpg.rf.kgbDtiWKmcroTDaaMlEx.jpg,train
zoom_in_-2024-07-10T125002-911_jpg.rf.hdfD9SAMjXaLQsXnPoGB.jpg,train
zoom_in_-99-_jpg.rf.1PMw3Vq9aHayyKy87y94.jpg,train
zoom_in_-_jpg.rf.XbDkZLuFftkgFkMaTFrQ.jpg,train
zoom_out_-11-_jpg.rf.D3zp2jrejLRQ8QjFM8va.jpg,train
zoom_out_-2024-07-10T123349-520_jpg.rf.GF8Pxr7014hpYnSqfVK5.jpg,train
zoom_out_-2024-07-10T123600-240_jpg.rf.ZxCLMDfNoov6lxdN8Pr4.jpg,train
zoom_out_-2024-07-10T123608-731_jpg.rf.PZk8NFAO0qY81v5BbG64.jpg,train
zoom_out_-2024-07-10T123614-177_jpg.rf.kA2ZZ0tgl9qzEfZFk8rK.jpg,train
zoom_out_-2024-07-10T123619-700_jpg.rf.DjeWtrwbnlw0HRSNqYl2.jpg,train
zoom_out_-2024-07-10T123625-513_jpg.rf.vVSOrAjteemIeftullt7.jpg,train
zoom_out_-2024-07-10T123704-776_jpg.rf.uVKwEKCjkzznar0HeRYL.jpg,train
zoom_out_-2024-07-10T123715-334_jpg.rf.umawXLTVCdHrFqBHg5KR.jpg,train
zoom_out_-2024-07-10T123755-520_jpg.rf.ZEMfSKnigp0Nn4pnQ4Yo.jpg,train
zoom_out_-2024-07-10T123839-099_jpg.rf.RqfvXEuMz4NutK6drA9e.jpg,train
zoom_out_-2024-07-10T123849-428_jpg.rf.WLdbHX2evxElnubi5ixr.jpg,train
zoom_out_-2024-07-10T123943-074_jpg.rf.bW8WLM792NmSUvLcKC6m.jpg,train
zoom_out_-2024-07-10T123958-410_jpg.rf.jDdJOa9AC1anbRZQGOcU.jpg,train
zoom_out_-2024-07-10T124004-030_jpg.rf.uszTJCVc8z6omq3yJCpR.jpg,train
zoom_out_-2024-07-10T124016-788_jpg.rf.zphp4STr37bO9OWhpMA1.jpg,train
zoom_out_-2024-07-10T124025-433_jpg.rf.pRIIcZwGiMIdynmB42gG.jpg,train
zoom_out_-2024-07-10T124034-281_jpg.rf.qaVKuMKFrTemY0ssUu9m.jpg,train
zoom_out_-2024-07-10T124038-952_jpg.rf.hvuIteRk1uIm1yNwcwsn.jpg,train
zoom_out_-2024-07-10T124058-675_jpg.rf.FqX8pmvjCcuFm75xXjZ2.jpg,train
zoom_out_-2024-07-10T124121-354_jpg.rf.iOzml233Ye70FKqCSldX.jpg,train
zoom_out_-2024-07-10T124130-091_jpg.rf.tXGlmCLB8P440J54pFgx.jpg,train
zoom_out_-2024-07-10T124442-137_jpg.rf.2e4KoAWv2z4dgvCxeigo.jpg,train
zoom_out_-2024-07-10T124604-452_jpg.rf.J7yHa22x2BDJC5QeHLCK.jpg,train
zoom_out_-2024-07-10T124631-030_jpg.rf.TvKMgsOdmt73ZbA1AkT9.jpg,train
zoom_out_-2024-07-10T124708-202_jpg.rf.CXO3tELmDhKyQmPHs9Bo.jpg,train
zoom_out_-2024-07-10T124712-465_jpg.rf.yQj5gudXuigi1gIi6AnN.jpg,train
zoom_out_-2024-07-10T124731-718_jpg.rf.G2UjBMQ0fzB8OB3vdq6w.jpg,train
zoom_out_-2024-07-10T124748-185_jpg.rf.O9VD99yJCvrLWP6u3MVb.jpg,train
zoom_out_-2024-07-10T124814-426_jpg.rf.u3LWenpNIO4rmll9QjpU.jpg,train
zoom_out_-2024-07-10T124840-438_jpg.rf.n0cIIpcsDkr3Zj21b2MT.jpg,train
zoom_out_-2024-07-10T124844-898_jpg.rf.0sCLWsu5UsP85es5W8ZL.jpg,train
zoom_out_-23-_jpg.rf.9zPFAgKhiJNsr3QAnZV3.jpg,train
zoom_out_-24-_jpg.rf.CKTIX9vlrvqHfsn2Iphx.jpg,train
zoom_out_-26-_jpg.rf.fNHsXbbkWDAYgM4iwv8t.jpg,train
zoom_out_-27-_jpg.rf.PYuhojoI5p6NR5SuhLnl.jpg,train
zoom_out_-29-_jpg.rf.IqjBMjuxFkKJzG80ZREG.jpg,train
zoom_out_-31-_jpg.rf.wQo6rRkuIMNP2K8SnbEM.jpg,train
zoom_out_-33-_jpg.rf.z15F6rLuI7H80uD48U9b.jpg,train
zoom_out_-34-_jpg.rf.dY2yISjh9apvAHHsaH3F.jpg,train
zoom_out_-37-_jpg.rf.yBMPQyLtvMT0SutaQDS5.jpg,train
zoom_out_-38-_jpg.rf.6GNKyTWh95FBK6hApBSB.jpg,train
zoom_out_-4-_jpg.rf.M94aWHI5waNuXvZ0kaSq.jpg,train
zoom_out_-40-_jpg.rf.qLJ7ZQrMZAkwEYkPDH7v.jpg,train
zoom_out_-41-_jpg.rf.4tUVETuyRjwAU6YVrbIX.jpg,train
zoom_out_-42-_jpg.rf.FgtUAmHDg6ZDDEmG3Q5G.jpg,train
zoom_out_-45-_jpg.rf.011u3WKg2dIWNVg8QdeJ.jpg,train
zoom_out_-51-_jpg.rf.4AMkxNRQ8LFbSMRIUowA.jpg,train
zoom_out_-52-_jpg.rf.3T5wxf5fDoy8oJoouVwd.jpg,train
zoom_out_-53-_jpg.rf.k0NcxVoWwOzJFxButQ2j.jpg,train
zoom_out_-55-_jpg.rf.6OEDhLLcJAGy0NFcXdfM.jpg,train
zoom_out_-59-_jpg.rf.i7rCmCttUqNgGbeRyGJ4.jpg,train
zoom_out_-6-_jpg.rf.asoa83bCVx8785X9g8Z5.jpg,train
zoom_out_-60-_jpg.rf.22OqAnSV2IVgBgVTSkHt.jpg,train
zoom_out_-66-_jpg.rf.ZvvcVnKLS94ZtZo3BMsc.jpg,train
zoom_out_-68-_jpg.rf.KgYwzEdlJBCSrdrLirTn.jpg,train
zoom_out_-69-_jpg.rf.kbPc9rvJSanhoJ8Ck8x3.jpg,train
zoom_out_-74-_jpg.rf.IdPvJBfxGHhCUpaF55Bn.jpg,train
zoom_out_-77-_jpg.rf.N6WVHi0KsSNXLZTIpgrA.jpg,train
zoom_out_-79-_jpg.rf.2vlW8u0AZfT6vAQ5OzDb.jpg,train
zoom_out_-85-_jpg.rf.y5O5APNfvaTkGSvIGvyL.jpg,train
zoom_out_-87-_jpg.rf.mD0dzvSpD5Wnky12Tje4.jpg,train
zoom_out_-88-_jpg.rf.Cynujz0ZbZqWF1U1S7M1.jpg,train
zoom_out_-9-_jpg.rf.o4xkBZoakIU2xwAUqrsa.jpg,train
zoom_out_-90-_jpg.rf.PZg8vTHsekPifCk1XnP3.jpg,train
zoom_out_-91-_jpg.rf.WziXE0GAt5A5SuNI9wwp.jpg,train
zoom_out_-92-_jpg.rf.L54cyufbdMJhRvOq6SI5.jpg,train
zoom_out_-98-_jpg.rf.kr6Jjgs9rDMZTAjyyxmz.jpg,train
zoom_out_-99-_jpg.rf.t6p6PL3K1XlZlmEPpYYZ.jpg,train
zoom_out_-_jpg.rf.5uiD6YcggZBvlwdRxc2d.jpg,train
zoom_out_0_jpg.rf.4HX1GbT4Z7x4u7rLN9Hl.jpg,train
zoom_out_100_jpg.rf.hioZhClj0stUxcfAOWFp.jpg,train
zoom_out_106_jpg.rf.4rETURTKl0150Pbk3qyv.jpg,train
zoom_out_110_jpg.rf.kCwfKiZsZcT28FDpAc3N.jpg,train
zoom_out_115_jpg.rf.gffRXLvszeCe3sPu8eg1.jpg,train
zoom_out_121_jpg.rf.t0GF6CZT0X70Xq6yRLjZ.jpg,train
zoom_out_122_jpg.rf.bMVo6M48TC3at1GvzghX.jpg,train
zoom_out_123_jpg.rf.PecITZKjX1qbWfC2nwTV.jpg,train
zoom_out_124_jpg.rf.7F8oC2d1EDCSohVonvRT.jpg,train
zoom_out_125_jpg.rf.xR3Ts2KlSximRTukpQJv.jpg,train
zoom_out_131_jpg.rf.jqVrT8L8fqptCfFeETCP.jpg,train
zoom_out_147_jpg.rf.YKwg03o2faz8jQ0T0K9I.jpg,train
zoom_out_152_jpg.rf.qZ9maZpYIodHez87XZwb.jpg,train
zoom_out_158_jpg.rf.CRPoMmwNI3OAkYPKZlMr.jpg,train
zoom_out_168_jpg.rf.6iJvPSIHTyrqI5Zw6U2A.jpg,train
zoom_out_16_jpg.rf.pkZDJdo2FwDks0aFilT0.jpg,train
zoom_out_171_jpg.rf.FiEvTrqmMGnBvT3VtlSR.jpg,train
zoom_out_17_jpg.rf.c0ZHo6v2QGSK5j1879MW.jpg,train
zoom_out_191_jpg.rf.Qovyii4wKe2pHiPPZA21.jpg,train
zoom_out_193_jpg.rf.frNnDpSSWVxeNvZHr0Iv.jpg,train
zoom_out_1_jpg.rf.skf8Nwdz96OGun0Zps3L.jpg,train
zoom_out_206_jpg.rf.QBSOeG8cgk5bhlxSKZC3.jpg,train
zoom_out_214_jpg.rf.rPL7pPj5nWet3Nsxki8G.jpg,train
zoom_out_215_jpg.rf.EHsybJwkhwPYCJ9NQaxk.jpg,train
zoom_out_231_jpg.rf.mLuNxY2QFZ9OgqSkNhm3.jpg,train
zoom_out_24_jpg.rf.IXmiz6DmRrRjlUSbkJ5U.jpg,train
zoom_out_24_jpg.rf.RmVlnqQUN7x9gBhskLWH.jpg,train
zoom_out_260_jpg.rf.A6dSh9ly4FvYlAPwMMbw.jpg,train
zoom_out_274_jpg.rf.t80WCFXAllZdn3QD5cIq.jpg,train
zoom_out_277_jpg.rf.UGVv2TmDtSgYwH3wmrof.jpg,train
zoom_out_285_jpg.rf.T820UHcWPkvnff1DQ7Hl.jpg,train
zoom_out_28_jpg.rf.7AtN6Hxvot8NMbDCiO6U.jpg,train
zoom_out_293_jpg.rf.l3jLLaYrDzVpVpNZYppL.jpg,train
zoom_out_294_jpg.rf.1LmpQhPSpVvwgykcCcUK.jpg,train
zoom_out_296_jpg.rf.wtQxt2IL1FnMMivLztH9.jpg,train
zoom_out_298_jpg.rf.cPKNFYl2BX2JKaUU67ah.jpg,train
zoom_out_299_jpg.rf.F8EvbJdKA2Y2OhurtHXd.jpg,train
zoom_out_29_jpg.rf.tocLs7is1bCO6L13UjND.jpg,train
zoom_out_300_jpg.rf.68jmmKZrSnCHWSZcjukU.jpg,train
zoom_out_32_jpg.rf.LVlmyxSB4Ps6f3vMrzib.jpg,train
zoom_out_58_jpg.rf.XNu7YBrmMysNRe3024Ky.jpg,train
zoom_out_83_jpg.rf.AgbzLl75DefcdfP7lQQ6.jpg,train
zoom_out_89_jpg.rf.TeHuTMnhUKOwERhOf5MA.jpg,train
01_planodatavedio_mp4-0002_jpg.rf.BpcBWDSBzR5Lvzn2aUxa.jpg,val
01_planodatavedio_mp4-0021_jpg.rf.Ej7yhk0zyDdJtNHXzsfv.jpg,val
01_planodatavedio_mp4-0025_jpg.rf.l5irr4Pc1IhYLMKKeUYw.jpg,val
01_planodatavedio_mp4-0033_jpg.rf.NqpFyD2Chhhd5zEhmlPZ.jpg,val
01_planodatavedio_mp4-0045_jpg.rf.FewXtrWGQCGmzTIkRbqS.jpg,val
01_planodatavedio_mp4-0055_jpg.rf.MwDrt7ZK44uapKKQAy3r.jpg,val
01_planodatavedio_mp4-0099_jpg.rf.mHvXiV1E9o0CXdV5MXOs.jpg,val
01_planodatavedio_mp4-0106_jpg.rf.DyjdWOr36gv4eHv19sos.jpg,val
01_planodatavedio_mp4-0125_jpg.rf.ndODycYbZCqTyt0mzKm3.jpg,val
01_planodatavedio_mp4-0135_jpg.rf.4nDEVXVBKu3WDRVPjqxZ.jpg,val
01_planodatavedio_mp4-0155_jpg.rf.h8LTpjzMxaQG0sQCXoio.jpg,val
01_planodatavedio_mp4-0200_jpg.rf.JeGqfrjgMvsrhVNorP6t.jpg,val
01_planodatavedio_mp4-0215_jpg.rf.XRc8uSpaCEO8S0G8vs8c.jpg,val
01_planodatavedio_mp4-0222_jpg.rf.bImZPwsGQ3FEHlv16jLK.jpg,val
01_planodatavedio_mp4-0273_jpg.rf.JfkG467plIdTKKCSyCRC.jpg,val
02_panodata_mp4-0028_jpg.rf.8A71zpDz8Eqdf5mmIY2c.jpg,val
02_panodata_mp4-0051_jpg.rf.VoggfL0pBHNQdVMdVBBL.jpg,val
02_panodata_mp4-0055_jpg.rf.7cYHdnmcbYfyQSuTGfTq.jpg,val
13_mp4-0000_jpg.rf.dJQhULoEsQKWxLy7QvWD.jpg,val
15_199-Pepsi-Images_-Stock-Photos_jpg.rf.k04yiwo1xnP7j9BYyyw3.jpg,val
Buy-Pepsi-Can-250-ml--Online-at-desertcart-Malaysia_jpg.rf.A9wddeNiRToFVECn9l9z.jpg,val
Buy-Pepsi-Carbonated-Soft-Drink-Mini-Cans-150mlx30_jpg.rf.qdnc8VTAwtG2RrvByvNp.jpg,val
Buy-Pepsi-Soft-Drink-250-Ml-Can-Online-At_yy--1-_jpg.rf.C1bcsQuio1vrHMIMMJ5R.jpg,val
Buy-Pepsi-Soft-Drink-250-Ml-Can-Online-At_yy_jpg.rf.s40HDn8F4A72kxZM6EtQ.jpg,val
Can-of-Pepsi---Prairie-Dog-Brewing_jpg.rf.T8WXhZetP6yk4ATJAqer.jpg,val
Coke-vs-Pepsi_-Marketing-strategies_jpg.rf.UDjxbCb7bLFn9lo3tyW0.jpg,val
Cola-wars---Wikipedia_jpg.rf.Xv6w1nGwYpBTImX3FiLH.jpg,val
Diet-Pepsi-Cola-Bottle-3L-_-Diet-Drinks_jpg.rf.HcHb11oUpnYHVYELBx3S.jpg,val
Diet-Pepsi-Cola-Soda-Pop_-12-Fl-Oz_-12_yythk_jpeg.rf.vL5NiTSEIQ5k9r50hdjH.jpg,val
Diet-Pepsi-Cola-Soda-Pop_-16-9-oz_-6_jpeg.rf.ocmb5HB59joF1hP69Bt2.jpg,val
Diet-Pepsi-Cola-Soda-Pop_-16-9-oz_-6_jpeg.rf.p9i7SgKHJ4pImfhf3JJB.jpg,val
Differences-Between-Coke-and-Pepsi_jpg.rf.guX1xBSrGRakQN84wFnU.jpg,val
Home-page--1-_png.rf.Ojvpm2Wv4CBO66vKYeqh.jpg,val
Home-page_png.rf.VfhnPFUhudUVf2hUpEF2.jpg,val
How-Coca-Cola-and-Pepsi-achieved-global_jpg.rf.Cd33MIVnJI8v94LKyuiu.jpg,val
IMG_20240424_215812_jpg.rf.UV9YFJ4w9qwZi31l93N2.jpg,val
IMG_20240424_215838_jpg.rf.d6SFi2Ip7HBPS9mc5eBm.jpg,val
Image_73_jpg.rf.IpiBmBvvpDkweXyWvHLV.jpg,val
Order-Pepsi-Can-Local-250ml_-12-Pieces-Online_yythk_jpg.rf.epIs0C2m7zqaCVGwgC36.jpg,val
Our-Products_jpg.rf.ilp7IvhMiXnabyooCSaG.jpg,val
PEPSI-1-5L-BOTTLE_jpg.rf.SxyWDrj8j84IfTLw9Pv2.jpg,val
Pepsi-Bottle-Png---Pepsi-Max-1-5-L_png.rf.RN33SOQEJz4dF01N6Msr.jpg,val
Pepsi-Cola-24-x-300ml-Glass-Bottle_jpg.rf.rwYTlK2VBlcwTVSgg3Kr.jpg,val
Pepsi-com--10-_png.rf.crjBzzIF03cR359vcrZl.jpg,val
Pepsi-com--8-_png.rf.HXiJEzk8n79yaZYljVik.jpg,val
Screenshot-2025-09-11-163849_png.rf.l3NrL7NSCCmoa2ljR14B.jpg,val
Screenshot-2025-09-11-163902_png.rf.ZfCkxUQbQGYlYkMtGhFa.jpg,val
Screenshot-2025-09-11-163938_png.rf.WId21jzVsA5gaiOVzg6m.jpg,val
Screenshot-2025-09-11-163938_png.rf.ns1ZGwNHfEj15MjEuPqB.jpg,val
Screenshot-2025-09-11-163951_png.rf.khel8HkLUkNfJbmfpHq6.jpg,val
Screenshot-2025-09-11-164035_png.rf.ZtdbIyqCdOEVhYlMDpwA.jpg,val
Screenshot-2025-09-11-175905_png.rf.ADGS9d5ThvBvxr0PE5tf.jpg,val
Screenshot-2025-09-11-182835_png.rf.81WvLypw6f3myU0PPE5W.jpg,val
Screenshot-2025-09-11-183500_png.rf.SnB1T7PNRChp6F1UWskZ.jpg,val
Screenshot-2025-09-11-183705_png.rf.H1VIkhinUeGgEgwvlKO1.jpg,val
Screenshot-2025-09-11-183741_png.rf.u6PQW7lcInBwNDso7Pdj.jpg,val
Screenshot-2025-09-11-183932_png.rf.tKedujF9zfOAXCspfS9R.jpg,val
Screenshot-2025-09-11-184016_png.rf.AvIWfAqXqUbC1VOaRC3u.jpg,val
Screenshot-2025-09-11-184159_png.rf.oAtnVrGI7ZIxNINHagbk.jpg,val
Screenshot-2025-09-12-042716_png.rf.E4Cy7gTGgCN5a9B1lc7O.jpg,val
Screenshot-2025-09-12-043333_png.rf.LbVtF0fZO81VddVXYlIS.jpg,val
WhatsApp Video 2025-01-15 at 14_50_30_950dbe0e_mp4-0007_jpg.rf.5nDpzQnyttY8HAjoZH8T.jpg,val
WhatsApp Video 2025-01-15 at 14_50_30_daad8c9c_mp4-0018_jpg.rf.oBWwMgtuXZxMQumrnEpo.jpg,val
WhatsApp Video 2025-01-15 at 14_50_30_daad8c9c_mp4-0020_jpg.rf.UC2Kr0ra0m94KaOMw3ZC.jpg,val
WhatsApp Video 2025-01-15 at 14_50_32_13b4e91e_mp4-0000_jpg.rf.Ft3TyqDmJVt3xHcoyZ9u.jpg,val
WhatsApp Video 2025-01-15 at 14_50_32_13b4e91e_mp4-0003_jpg.rf.ROUVnscelIiSeUN81jmu.jpg,val
WhatsApp Video 2025-01-15 at 14_50_32_13b4e91e_mp4-0019_jpg.rf.LEDnJCpIkYdc1lYc7Vui.jpg,val
WhatsApp Video 2025-01-15 at 14_50_32_70d83f7b_mp4-0002_jpg.rf.k5N1a9I85G3sQ4V8n7Eq.jpg,val
WhatsApp Video 2025-01-15 at 14_50_32_70d83f7b_mp4-0004_jpg.rf.BR5m2O39BgPQTjouVD3A.jpg,val
WhatsApp Video 2025-01-15 at 14_50_32_70d83f7b_mp4-0024_jpg.rf.QlQ8U8AaZk8i64JbCKgc.jpg,val
WhatsApp Video 2025-01-15 at 14_50_32_70d83f7b_mp4-0030_jpg.rf.7Ikc5WhEIlEEpRoXTEdb.jpg,val
WhatsApp Video 2025-01-15 at 14_50_32_7ff6a28e_mp4-0009_jpg.rf.9YBKTR84cfimCjtZ1Pok.jpg,val
WhatsApp Video 2025-01-15 at 14_50_32_7ff6a28e_mp4-0017_jpg.rf.Pm1SseldZgBjqBCQunfq.jpg,val
WhatsApp Video 2025-01-15 at 14_50_32_7ff6a28e_mp4-0022_jpg.rf.lZABKQ05r8rKaiHMzC0X.jpg,val
WhatsApp Video 2025-01-15 at 14_50_32_be762203_mp4-0031_jpg.rf.kk2g1wUbDTDU2k0TYqnJ.jpg,val
WhatsApp Video 2025-01-15 at 14_50_32_d88ff96b_mp4-0003_jpg.rf.pobHpRfBWdQDyCZ2NOel.jpg,val
WhatsApp Video 2025-01-15 at 14_50_32_d88ff96b_mp4-0004_jpg.rf.hW0nDkcw0GTPHpcjTPMl.jpg,val
planogram2_mp4-0008_jpg.rf.F2Bl8EdtBSJfhFVt1FBP.jpg,val
planogram2_mp4-0016_jpg.rf.1BWOxbAZx3SzAkkyEzLI.jpg,val
vertical_flip_82-_jpg.rf.w7T6m7gxmAWxJ6FrAvgC.jpg,val
zoom_in_-2024-07-10T123814-513_jpg.rf.n1JrxcdY9XkVSunmzAaf.jpg,val
zoom_out_-17-_jpg.rf.7gA01rSorS5hKFq8ZMs1.jpg,val
zoom_out_-2024-07-10T124554-971_jpg.rf.FfOyXarSiVCOoTMnzeyP.jpg,val
zoom_out_-2024-07-10T124703-542_jpg.rf.jXymUCJWue7UqMUKujSm.jpg,val
zoom_out_-2024-07-10T124725-178_jpg.rf.H8Ilb7GdeNhIq054CM3F.jpg,val
zoom_out_-2024-07-10T124739-532_jpg.rf.IkSSEkf7XL1zO1qQ6ErN.jpg,val
zoom_out_-3-_jpg.rf.zsVHCyPReXZsn0mJzaxu.jpg,val
zoom_out_-39-_jpg.rf.hxR9cAWzrFFCeWCXl9dX.jpg,val
zoom_out_-46-_jpg.rf.n7S2lmNmormjBgBF7AS1.jpg,val
zoom_out_-47-_jpg.rf.tgm7Jz9K1zHqlvqthw3X.jpg,val
zoom_out_-5-_jpg.rf.1O848Al3joyeQReiE6Bo.jpg,val
zoom_out_-7-_jpg.rf.D3EicAu3HSNPSUorsUjN.jpg,val
zoom_out_-75-_jpg.rf.4t9C7wOTB9UFX0HLeqxe.jpg,val
zoom_out_12_jpg.rf.5VaDLfpXyz5xOhMeAsx0.jpg,val
zoom_out_179_jpg.rf.V00PfSVT22k7ZrTOBbvJ.jpg,val
zoom_out_236_jpg.rf.YyofsUFj1fRGkCplojYw.jpg,val
zoom_out_237_jpg.rf.Mfk6uscIT76sZ3GEwWaf.jpg,val
zoom_out_305_jpg.rf.Jy1E5UM9Xx9MQSMjg1rP.jpg,val
zoom_out_34_jpg.rf.32TOAJNpiLB3d7MkaTwS.jpg,val
zoom_out_41_jpg.rf.T2zwQkKNYw8tHnKg4gtt.jpg,val
01_planodatavedio_mp4-0004_jpg.rf.ofZn45d2gdqHY55jNy2F.jpg,test
01_planodatavedio_mp4-0013_jpg.rf.dqq3GujTdDveqLvfO31d.jpg,test
01_planodatavedio_mp4-0030_jpg.rf.8RkrXlZnd8PsTIr00CKB.jpg,test
01_planodatavedio_mp4-0031_jpg.rf.d0Vo0zKmf9Ktwa0byfPQ.jpg,test
01_planodatavedio_mp4-0037_jpg.rf.37D0ArTynFMBYt7YRFcX.jpg,test
01_planodatavedio_mp4-0039_jpg.rf.FtPnYGKx7k2tdR6J0Ybw.jpg,test
01_planodatavedio_mp4-0048_jpg.rf.JqRjg4uk12s7UXDWW0Q3.jpg,test
01_planodatavedio_mp4-0056_jpg.rf.uPogWjdFmgbFDHSMMUh8.jpg,test
01_planodatavedio_mp4-0059_jpg.rf.yKx7dcETDGHyX7bnEk1V.jpg,test
01_planodatavedio_mp4-0061_jpg.rf.y0forzxQjORlQIt2BNBD.jpg,test
01_planodatavedio_mp4-0071_jpg.rf.n1HKjF4zbaKnNvFGbemF.jpg,test
01_planodatavedio_mp4-0081_jpg.rf.lNHZwmrizdAoGABqWebI.jpg,test
01_planodatavedio_mp4-0091_jpg.rf.BhzqDaEfrFINSpeuEaQu.jpg,test
01_planodatavedio_mp4-0103_jpg.rf.qqVhdyyqceg3RZi5yjvm.jpg,test
01_planodatavedio_mp4-0108_jpg.rf.jF6VspdIRNISwetXKgbA.jpg,test
01_planodatavedio_mp4-0110_jpg.rf.ZIeCf9g3wDnnba1VQxlK.jpg,test
01_planodatavedio_mp4-0120_jpg.rf.ht25Cce08lY0Usc3hZRN.jpg,test
01_planodatavedio_mp4-0133_jpg.rf.BNFGyzooZg1HgE5RPaP3.jpg,test
01_planodatavedio_mp4-0143_jpg.rf.7eAjAvHNn8PbVkvBB2Nu.jpg,test
01_planodatavedio_mp4-0151_jpg.rf.0LPeEvb5gTFIgPFftISi.jpg,test
01_planodatavedio_mp4-0176_jpg.rf.ya5oJLBRMk03amJiD00Y.jpg,test
01_planodatavedio_mp4-0184_jpg.rf.w3tOvD0DlpHRy5wYxDn7.jpg,test
01_planodatavedio_mp4-0191_jpg.rf.rqNUKYAXHc4qslv1iOqe.jpg,test
01_planodatavedio_mp4-0194_jpg.rf.5syObTtwIAydZAvzQC4b.jpg,test
01_planodatavedio_mp4-0198_jpg.rf.ogl8vPRISa9KP35lKaTl.jpg,test
01_planodatavedio_mp4-0202_jpg.rf.mlXiyQIaetalcjGIXiah.jpg,test
01_planodatavedio_mp4-0203_jpg.rf.S73g0bqn6xymNEqDrsX3.jpg,test
01_planodatavedio_mp4-0225_jpg.rf.bQ3Rfqk9QDuo0P7vm39s.jpg,test
01_planodatavedio_mp4-0256_jpg.rf.4m6M18SygDwWcInkjZNQ.jpg,test
01_planodatavedio_mp4-0259_jpg.rf.grp9hDxkpBS7h9qeZgPJ.jpg,test
01_planodatavedio_mp4-0266_jpg.rf.pqIbwvXRis9WiTLE1UUh.jpg,test
01_planodatavedio_mp4-0271_jpg.rf.wKE4Qc7NC9Zz3oF65x4g.jpg,test
02_panodata_mp4-0008_jpg.rf.ryXRxVHCPASPwyy8xy7S.jpg,test
02_panodata_mp4-0017_jpg.rf.4Vw6uS8k5WYATK0ddron.jpg,test
02_panodata_mp4-0018_jpg.rf.JAYkN25zHj7A1lh1jAcQ.jpg,test
02_panodata_mp4-0021_jpg.rf.kOmYUofRAe52xEfc1Qsc.jpg,test
02_panodata_mp4-0027_jpg.rf.GNRTCFJGtQQwODfUqu8y.jpg,test
02_panodata_mp4-0032_jpg.rf.GfOD5yrjaOq5cmD6rPGy.jpg,test
1-x-24-Pepsi-Cola-cans--24-x-0_33L_jpg.rf.MJLbdDPGp0nEiaQTd9V8.jpg,test
12-Pack-Of-12-fl-oz-Cans_jpg.rf.7EXH8dw8J8hme25Pf8s7.jpg,test
15_199-Pepsi-Images_-Stock-Photos---Vectors-__yythk_jpg.rf.Ma7XwUpykeUHa8vOOplI.jpg,test
3D-model-Pepsi-Can---TurboSquid-1798770_jpg.rf.j16PdJmRQVH4Rn0h25mo.jpg,test
3D-model-Pepsi-Can---TurboSquid-1798770_jpg.rf.sX8G8Mh0IvKuSlTv4odF.jpg,test
7-Controversial-Ads-Pepsi-Doesn_t-Want_jpg.rf.K3cmqlP7SM7P2WcgvKLQ.jpg,test
7-Controversial-Ads-Pepsi-Doesn_t-Want_jpg.rf.NyJTV4WXVxa661OhCpr4.jpg,test
Black-750ml-Pepsi-Cold-Drink_-Liquid_jpg.rf.6SlupQW7rlPujpSGFV25.jpg,test
Black-750ml-Pepsi-Cold-Drink_-Liquid_jpg.rf.LODjG2sVkLPZmzB7cPfw.jpg,test
Brennan_s-Catering_-Pepsi--12-oz-can-_jpg.rf.3sDFaoXi153T1VxI6JPY.jpg,test
Buy-Pepsi-Can-300-ml-Available-Online_jpg.rf.DCCgxDUpMUJtRadXuMcH.jpg,test
Buy-Pepsi-Drink---------At-Best-Price_jpeg.rf.vBqcYSb9wQr4qYddEQBz.jpg,test
Buy-Pepsi-Pet-Bottles-345-ml-Available_jpg.rf.97G8L1iYym8y2mLlLZW4.jpg,test
Buy-Pepsi-Pet-Bottles-345-ml-Available_jpg.rf.VwYdat4KIurOkb4Txrff.jpg,test
Buy-Pepsi-Pet-Bottles-345-ml-Available_jpg.rf.Yy9jk3iCfiLN5HSin0s7.jpg,test
Buy-Pepsi-Soft-Drink-250-Ml-Can-Online_jpg.rf.OU6piiGOgwsOpPFn6eeg.jpg,test
Buy-Pepsi-Soft-Drink-250-Ml-Can-Online_jpg.rf.lzBr3dZBUHG75O2uX7lj.jpg,test
Coca-Cola-Vs--Pepsi-Explained_-The_jpg.rf.9Qq3DZwAYSmqGSkv80k7.jpg,test
Coca-Cola-Vs--Pepsi-Explained_-The_jpg.rf.u9Tic6eFfo3EGsFD671Z.jpg,test
Coca-Cola-and-Pepsi-Selling-Smaller-Cans_jpg.rf.jogsu3lUsRg39NlX97DY.jpg,test
Coke-Vs-Pepsi---YouTube_jpg.rf.jc8brCufffiN0eOaz9k5.jpg,test
Diet-Pepsi-Cola-Soda-Bottle_-1-25-L_jpg.rf.GCabH42OEVFq2l955MQ9.jpg,test
Differences-Between-Coke-and-Pepsi_jpg.rf.8bAwPiTfrBlpmXSF6ziu.jpg,test
Home-page_jpg.rf.5yhElD5x3fD9FuXN9nwI.jpg,test
How-Coca-Cola-and-Pepsi-achieved-global_jpg.rf.h7VpLEkc30ikvan5vN5n.jpg,test
IMG-20240424-WA0049_jpg.rf.p52i4R5S63VQLH6b0uCw.jpg,test
Image_12_jpeg.rf.baYknFhQzmZqoOLZpjVJ.jpg,test
Image_18_jpg.rf.H09fHWyu70Pqxv42S9mw.jpg,test
Image_2_png.rf.L7xfCEOi8w62f6NrOXra.jpg,test
Image_48_jpg.rf.oQuuaX4Dc0nMmiutHSoN.jpg,test
Image_55_jpg.rf.LZVT8XRpUD8OB7h2Ab91.jpg,test
London-Uk-10242020-Cold-Pepsi-Can-Stock-Photo_yythk_jpg.rf.VHWJctqOCdJvOv2DrcUx.jpg,test
Our-Products_jpg.rf.q7yKJXrLCANNxsi6RYi1.jpg,test
Pepsi---Pepsi-Max-Australia_png.rf.Q2ACjR3cdjVA375vC2Yc.jpg,test
Pepsi-Bottle-Images---Browse-2_152--1-_jpg.rf.qYXz1n12a39f4S8605FW.jpg,test
Pepsi-Can-Stock-Illustrations---100-Pepsi-Can_yythk_jpg.rf.oJCuhrA41pq7lzcpaxgV.jpg,test
Pepsi-Cola-6---24-fl-oz--1-5-pt--710__jpg.rf.R0iILKFcMPg12NXO0OWm.jpg,test
Pepsi-Cola-Soda---20-Fl-Oz-Bottle-_-T_jpg.rf.WBTnkCdUqPYgFqXi5aNP.jpg,test
Pepsi-Cola-Soda-Pop_-12-oz-Cans_-24_jpeg.rf.sMqPui7AEK1w0A0ZZUHq.jpg,test
Pepsi-Cola-Soft-Drink-375mL-_-Coles-Online_jpg.rf.x7cppFTO0gTMGIKroiPE.jpg,test
Pepsi-Fizzy-Drink_-330-ml-_-Amazon-co_jpg.rf.NgoyLWrbsScfvhnq65Ay.jpg,test
Pepsi-Philippines--1-_png.rf.kpHx19DX9rPMBxr5tO4h.jpg,test
Pepsi-Regular-Can-320ml_png.rf.N1XMelAgxWvGZ3gnxU7G.jpg,test
Pepsi-bottle-hi-res-stock-photography_jpg.rf.wcwmFfzINsphqYiNS0vA.jpg,test
Pepsi-com--3-_png.rf.o41euPfkauQWxYjWrPMK.jpg,test
Screenshot-2025-09-11-163724_png.rf.ArM76rdm5QMhUErrjsqV.jpg,test
Screenshot-2025-09-11-163824_png.rf.uOb6w3VJytdRX5cR13DT.jpg,test
Screenshot-2025-09-11-164001_png.rf.RB75usbe1m1kziQpTNHb.jpg,test
Screenshot-2025-09-11-164001_png.rf.jEyGbfXjyUmbhh5N7QYy.jpg,test
Screenshot-2025-09-11-164013_png.rf.Sc5P3gFcKyUCePrZOzMY.jpg,test
Screenshot-2025-09-11-164013_png.rf.YBtRhVgiUQBeqVLMdwgc.jpg,test
Screenshot-2025-09-11-164023_png.rf.VJ4UMJKsD1hm8oXvUmDR.jpg,test
Screenshot-2025-09-11-164023_png.rf.wcwWlomKROpRofij44la.jpg,test
Screenshot-2025-09-11-164046_png.rf.K2eCUeyJDppMNaI0q9jr.jpg,test
Screenshot-2025-09-11-164055_png.rf.qlFN2ltVah0mOOHX4KYD.jpg,test
Screenshot-2025-09-11-164153_png.rf.TOHXqoGIQmhyoQFbV1zX.jpg,test
Screenshot-2025-09-11-164204_png.rf.Js9mrLWLQkdcpyq49sO5.jpg,test
Screenshot-2025-09-11-164204_png.rf.cH3qVGZtziYEaTd64NGK.jpg,test
Screenshot-2025-09-11-164257_png.rf.0EjK1t5Ad4Dd6IsAZNP3.jpg,test
Screenshot-2025-09-11-164305_png.rf.lDJ0Dssi2rusmBcwTpqv.jpg,test
Screenshot-2025-09-11-164405_png.rf.kfB2pIuGIXaQ7K3VCYUl.jpg,test
Screenshot-2025-09-11-175816_png.rf.1YkVn5kZyMzSbtcEYv8m.jpg,test
Screenshot-2025-09-11-175839_png.rf.FyXTwPYupPxzValA4Frl.jpg,test
Screenshot-2025-09-11-175857_png.rf.lf6KOxrbNxtKTFiaTh8h.jpg,test
Screenshot-2025-09-11-175905_png.rf.gimBbVliaBkAqvjyjUV7.jpg,test
Screenshot-2025-09-11-175924_png.rf.iHJBgvmX2jg1ZtxRLdA3.jpg,test
Screenshot-2025-09-11-175931_png.rf.GtzIZxSFVUyUGvDZVQBY.jpg,test
Screenshot-2025-09-11-180020_png.rf.QXsYX8PLhE17BBy4f358.jpg,test
Screenshot-2025-09-11-180147_png.rf.jJWZnkQWuBdMvhRr6pAA.jpg,test
Screenshot-2025-09-11-183116_png.rf.rY48dI3itRCUR4ZSr6kG.jpg,test
Screenshot-2025-09-11-183423_png.rf.EMjtw4qpZizQZcccdSw9.jpg,test
Screenshot-2025-09-11-183500_png.rf.PY904IHs870u0lW0pZca.jpg,test
Screenshot-2025-09-11-183516_png.rf.0ffUnQVAa7jiGNPRbx0M.jpg,test
Screenshot-2025-09-11-183516_png.rf.BifP0AD4Bazi7NC9U6yC.jpg,test
Screenshot-2025-09-11-183715_png.rf.3Iza3iYYQ0mfp7kWGn9z.jpg,test
Screenshot-2025-09-11-183715_png.rf.TLeKe8uM4mW6nnowCpde.jpg,test
Screenshot-2025-09-11-183715_png.rf.dpciUota42I4DgKWWJKO.jpg,test
Screenshot-2025-09-11-183729_png.rf.JMwieKzriSRN5PJVUPnA.jpg,test
Screenshot-2025-09-11-183729_png.rf.KqfPdWEiQ7TiEl2LX5h5.jpg,test
Screenshot-2025-09-11-183729_png.rf.guThl3ahEokMlLbtm4hS.jpg,test
Screenshot-2025-09-11-183741_png.rf.V8jeEE7LegbBo0m8TP9R.jpg,test
Screenshot-2025-09-11-183828_png.rf.cY7rktCoeqy2hy53me2x.jpg,test
Screenshot-2025-09-11-183843_png.rf.FPKkybdJD43tnEqdQ2Q0.jpg,test
Screenshot-2025-09-11-183857_png.rf.L8mDpBrif4gZQho73IKF.jpg,test
Screenshot-2025-09-12-042619_png.rf.diucYhfk1sTtC0iy0SgS.jpg,test
Screenshot-2025-09-12-042740_png.rf.QI9MV3ViDCFP2fUvue29.jpg,test
Screenshot-2025-09-12-043019_png.rf.mQnE5CDKvjHef5wcrIVA.jpg,test
Screenshot-2025-09-12-043101_png.rf.7064tRPU0MMf0OryKeNY.jpg,test
WhatsApp Video 2025-01-15 at 14_50_30_daad8c9c_mp4-0009_jpg.rf.eSd1FTIUqmqoMYd4fLGj.jpg,test
WhatsApp Video 2025-01-15 at 14_50_30_daad8c9c_mp4-0015_jpg.rf.e3r7aVdns3zkgFiLcrp4.jpg,test
WhatsApp Video 2025-01-15 at 14_50_30_daad8c9c_mp4-0016_jpg.rf.0ZPjgLR1brEp4IW0g0hJ.jpg,test
WhatsApp Video 2025-01-15 at 14_50_30_daad8c9c_mp4-0023_jpg.rf.FuJ37dvYaDX88nYX6fxr.jpg,test
WhatsApp Video 2025-01-15 at 14_50_32_13b4e91e_mp4-0004_jpg.rf.LsvfeGzgkDumTSFnh3ZX.jpg,test
WhatsApp Video 2025-01-15 at 14_50_32_13b4e91e_mp4-0007_jpg.rf.VByxLnZUvsC2khmoyZpb.jpg,test
WhatsApp Video 2025-01-15 at 14_50_32_13b4e91e_mp4-0020_jpg.rf.6Ymy6Dfx2iyNcEl6hNbJ.jpg,test
WhatsApp Video 2025-01-15 at 14_50_32_13b4e91e_mp4-0027_jpg.rf.Nc6J5SUV8o0E7qE0MbG1.jpg,test
WhatsApp Video 2025-01-15 at 14_50_32_13b4e91e_mp4-0029_jpg.rf.yxthQvxgNTerP4mMo7Gn.jpg,test
WhatsApp Video 2025-01-15 at 14_50_32_70d83f7b_mp4-0001_jpg.rf.MhL4gHiN5jlq1fkGqN7v.jpg,test
WhatsApp Video 2025-01-15 at 14_50_32_70d83f7b_mp4-0007_jpg.rf.U0w2NFVRCuDwougiyX7T.jpg,test
WhatsApp Video 2025-01-15 at 14_50_32_70d83f7b_mp4-0018_jpg.rf.JNKnFVJw8nnacowNW6c2.jpg,test
WhatsApp Video 2025-01-15 at 14_50_32_70d83f7b_mp4-0019_jpg.rf.WgWoJLbNv8NttDkqoj2T.jpg,test
WhatsApp Video 2025-01-15 at 14_50_32_70d83f7b_mp4-0020_jpg.rf.d0QP6omgoBVFehF9CDCF.jpg,test
WhatsApp Video 2025-01-15 at 14_50_32_70d83f7b_mp4-0021_jpg.rf.Fde430t92utZEGDgUjeY.jpg,test
WhatsApp Video 2025-01-15 at 14_50_32_70d83f7b_mp4-0022_jpg.rf.XTpChIM3m4LQSSVE8WNH.jpg,test
WhatsApp Video 2025-01-15 at 14_50_32_7ff6a28e_mp4-0008_jpg.rf.JkNmPPb3odMMA7ZAKtzD.jpg,test
WhatsApp Video 2025-01-15 at 14_50_32_7ff6a28e_mp4-0013_jpg.rf.DotPHTxPWeEy2wtQxLeQ.jpg,test
WhatsApp Video 2025-01-15 at 14_50_32_7ff6a28e_mp4-0014_jpg.rf.T1kZNWj5cxMkAT1Pa1qt.jpg,test
WhatsApp Video 2025-01-15 at 14_50_32_7ff6a28e_mp4-0015_jpg.rf.fEZ7ZoXLy89lNOoQj31k.jpg,test
WhatsApp Video 2025-01-15 at 14_50_32_7ff6a28e_mp4-0016_jpg.rf.1su5tmsp54j3zmDxifeX.jpg,test
WhatsApp Video 2025-01-15 at 14_50_32_7ff6a28e_mp4-0018_jpg.rf.OFmz4OieIJIGtYJiwGUv.jpg,test
WhatsApp Video 2025-01-15 at 14_50_32_be762203_mp4-0001_jpg.rf.UVkyhKVMu5Hp4I4hRiy3.jpg,test
WhatsApp Video 2025-01-15 at 14_50_32_be762203_mp4-0012_jpg.rf.NQDpCbixSoI6MMwNm5QV.jpg,test
WhatsApp Video 2025-01-15 at 14_50_32_be762203_mp4-0017_jpg.rf.zYD6LSNyCuZuQDiwu0n8.jpg,test
WhatsApp Video 2025-01-15 at 14_50_32_be762203_mp4-0023_jpg.rf.tqsd2acEcgVHMMBx796j.jpg,test
WhatsApp Video 2025-01-15 at 14_50_32_be762203_mp4-0024_jpg.rf.LOezYaA09J5HFBBswYWO.jpg,test
WhatsApp Video 2025-01-15 at 14_50_32_d88ff96b_mp4-0005_jpg.rf.icH6TPcE48Zb45jvqcKl.jpg,test
WhatsApp Video 2025-01-15 at 14_50_32_d88ff96b_mp4-0008_jpg.rf.Sl8haHNnRmtNetWPYc8z.jpg,test
WhatsApp Video 2025-01-15 at 14_50_32_d88ff96b_mp4-0011_jpg.rf.v30YaVTIbc0NPhRKUMMW.jpg,test
WhatsApp Video 2025-01-15 at 14_50_32_d88ff96b_mp4-0012_jpg.rf.BHZ5MnnjndlDWFcAvJcS.jpg,test
a100_jpg.rf.hqeN8RYnPWwpjl6x1pcb.jpg,test
a101_jpg.rf.yWxirwKV8Pqaow2VDNOS.jpg,test
a104_jpg.rf.fgZymexgWetKdl2iwj6i.jpg,test
a108_jpg.rf.ncgiWGkcj7T7gLLsuOLs.jpg,test
a110_jpg.rf.DyiPqtf4ujCgBcg84fbL.jpg,test
a114_jpg.rf.4ovbUZBhKSNkP1Q7e7sn.jpg,test
horizontal_flip_268_jpg.rf.3EzXP1hzkNB7J9N8tXQo.jpg,test
images--3-_jpg.rf.JeCbT91dGHEfitfNzehI.jpg,test
junk-procedure-typhoon-pepsi-can-Elegance-Advance-s_jpg.rf.GdGOvHjUURo4VzY5IiIS.jpg,test
planogram2_mp4-0009_jpg.rf.0sTdLAPnBL9b3uLIgPZO.jpg,test
planogram2_mp4-0010_jpg.rf.UzPQkaH6KzqVKMxOffOU.jpg,test
train_2882_jpg.rf.BWU5UbvUcrzbvVw9VMn3.jpg,test
vertical_flip_233_jpg.rf.gYObALaJjQj5PZSNFU8F.jpg,test
vertical_flip_33_jpg.rf.IZBTb1TRNp2N3nAENBye.jpg,test
vertical_flip_77_jpg.rf.OqIv6YbTUWr6h7owKNT6.jpg,test
zoom_in_-2024-07-10T123724-810_jpg.rf.avtKGqvlDCfc79DJ2lAj.jpg,test
zoom_in_-2024-07-10T124016-788_jpg.rf.VoLsxhLBy6liNf42oA0M.jpg,test
zoom_in_-2024-07-10T124025-433_jpg.rf.9NEfD9lQYDjYX6CrRePU.jpg,test
zoom_in_-2024-07-10T124708-202_jpg.rf.9QRLcYqli0ygfQSzhEtm.jpg,test
zoom_out_-2024-07-10T123502-290_jpg.rf.WA822CsJl31zms8FOnDd.jpg,test
zoom_out_-2024-07-10T123515-936_jpg.rf.Rqt1msrliy0AhFeWEBDT.jpg,test
zoom_out_-2024-07-10T123719-892_jpg.rf.0LqQC873He4ejVfGsuTY.jpg,test
zoom_out_-2024-07-10T123730-354_jpg.rf.x7HDNtL36r9hzjEI41bF.jpg,test
zoom_out_-2024-07-10T123844-083_jpg.rf.0WzvjGA71Q4ijFC7VKb4.jpg,test
zoom_out_-2024-07-10T123923-661_jpg.rf.qMJkz80EXWIcTz65MTv5.jpg,test
zoom_out_-2024-07-10T124115-302_jpg.rf.CJHjqCmSj6aJ197ibgp7.jpg,test
zoom_out_-2024-07-10T124538-545_jpg.rf.eG7rIPdvg7GXrHBlrAr7.jpg,test
zoom_out_-2024-07-10T124610-868_jpg.rf.YItESo8f8wO3T9D0Cu0W.jpg,test
zoom_out_-2024-07-10T124647-883_jpg.rf.p60Nts4DHsAQCuVnDiFM.jpg,test
zoom_out_-2024-07-10T124754-133_jpg.rf.jIhG9rgQ9Pwjj8sWnX1g.jpg,test
zoom_out_-2024-07-10T124823-952_jpg.rf.YBXKhEv0Hcqu7n1KqhHx.jpg,test
zoom_out_-28-_jpg.rf.8AxVC2zatI9g6HlDoTDh.jpg,test
zoom_out_-84-_jpg.rf.T7SJTpm8n9sy0rXAwn15.jpg,test
zoom_out_-96-_jpg.rf.SZmdP1YkSzd0popNuIS9.jpg,test
zoom_out_10_jpg.rf.4GwRztXZgv6ov6CTNCQ8.jpg,test
zoom_out_150_jpg.rf.9U4as7AoD2ICnTinGw8Y.jpg,test
zoom_out_156_jpg.rf.gxO2L6JLqJtN5O0rFhNw.jpg,test
zoom_out_173_jpg.rf.GSkJDJB7dIOCChwOiha5.jpg,test
zoom_out_253_jpg.rf.moO4CdLFY0R8qsQwhMNh.jpg,test
zoom_out_284_jpg.rf.HTyewX1Rfo5aAKKp6y9P.jpg,test
zoom_out_287_jpg.rf.SUxgBYqB1gPBPf3oTbhG.jpg,test
zoom_out_314_jpg.rf.ykbCnnvP3OxGbOMHV4oV.jpg,test
zoom_out_47_jpg.rf.Rb792TgqTBXsFkfKjCHo.jpg,test
